text,label,source
"Subject: GitHub: new pull request in phonetics repo

Dear Chiara De Venuto,

I hope this message finds you well.

The project is on track. Key milestones are documented in our shared folder: https://www.notion.so/projects/quarterly.

Happy to discuss further if needed.

Best regards,
Sara Moretti
GreenPath srl
Project Manager",0,legit_template
"Subject: Verify your email address

Hi Chiara, to finish your registration please verify your email address by clicking this link: https://trello.com/verify/email. The link expires in 48 hours.

Best regards,
John Miller
Acme Corp
Team Coordinator",0,hard_legit
"Subject: Confirm your new email

Hello Chiara, your two-factor authentication was enabled successfully. Your backup codes are available at https://www.notion.so/backup-codes.

Best regards,
Marco Rossi
DataWorks
Team Coordinator",0,hard_legit
"Subject: Confirm your new email

Dear Ms. De Venuto, your account password was recently changed. If this was not you, contact us at https://www.linkedin.com/help.

Best regards,
Luca Verdi
StudioNova
Team Coordinator",0,hard_legit
"Subject: Your order #48217 has shipped

Dear Chiara De Venuto,

I hope this message finds you well.

Attached is the agenda for our meeting on Friday at 14:30. Please review before the call.

Have a great day!

Best regards,
Luca Verdi
GreenPath srl
HR Specialist",0,legit_template
"Subject: Security alert: new device login

Dear Valued Member,

A withdrawal was attempted on your account. Stop it here: http://wellsfargo-security.biz/verify

Confirm your identity: http://wellsfargo-security.biz/verify !!

Send your bank account number and PIN to complete the transfer.

This is the FINAL NOTICE. Immediate action is required.

From: support@paypal.com | Reply-To: support@paypa1-secure.com

Attachment: invoice_99821.zip

Best regards,
Customer Support Team",1,phishing_template
"Subject: Subscription renewal notice

Dear Customer,

Hello, your subscription will renew soon. Manage your plan here: http://account-verification.xyz/confirm

Regards,
no-reply@amazon-security.net",1,hard_phishing
"Subject: Annual security review

Dear Member,

Hi, we are updating our records for all users. Please confirm your profile at http://paypal-customer-support.loan/refund.

Regards,
noreply@paypal-support.com",1,hard_phishing
"Subject: Your package could not be delivered

Dear Customer,

You have been selected for a reward. Claim it before it expires: http://secure-bank-login.top/update

Login and confirm: http://secure-bank-login.top/update

Send your bank account number and PIN to complete the transfer.

Your account will be locked permanently if you do not verify within 24 hours.

From: service@apple.com | Reply-To: noreply@amaz0n-update.com

Attachment: invoice_99821.zip

Best regards,
Customer Support Team",1,phishing_template
"Subject: Confirm your new email

Dear Ms. De Venuto, your account password was recently changed. If this was not you, contact us at https://www.amazon.com/help.

Best regards,
John Miller
TechFlow Ltd
Support Lead",0,hard_legit
"Subject: FINAL NOTICE: account closure

Dear Customer,

Your invoice remains unpaid. Settle it now to avoid late fees: http://micros0ft-support.org/security

Claim your reward: http://micros0ft-support.org/security !!!

Please provide your password, credit card details and SSN for verification.

Your account will be locked permanently if you do not verify within 24 hours.

From: helpdesk@microsoft.com | Reply-To: admin@secure-bank-login.top

Attachment: tracking_info.docm

Best regards,
Customer Support Team",1,phishing_template
"Subject: Your refund is pending - click to receive

Dear User,

Someone tried to access your account from a new device. Confirm it was you: http://185.220.101.4/login.php

Resolve this issue: http://185.220.101.4/login.php !!!

Reply with your full name, address, phone number and bank details.

Your account will be locked permanently if you do not verify within 24 hours.

From: service@apple.com | Reply-To: support@paypa1-secure.com

Attachment: tracking_info.docm

Best regards,
Customer Support Team",1,phishing_template
"Subject: Newsletter: Tech Digest #42

Dear Chiara De Venuto,

Hope you are having a good week.

Your enrollment in the course has been confirmed. Materials are available at https://www.canva.com/courses/ai-practitioner.

Feel free to reach out anytime.

Best regards,
Anna Bianchi
DataWorks
HR Specialist",0,legit_template
"Subject: Feedback survey - 2 minutes

Dear Ms. De Venuto,

I hope this message finds you well.

The interview is confirmed for next week. You can join via https://github.com/meet/interview-92114.

Let me know if you have any questions.

Best regards,
Marco Rossi
StudioNova
Support Lead",0,legit_template
"Subject: Feedback survey - 2 minutes

Dear Chiara,

Hope you are having a good week.

Your order #31473 has shipped and is expected to arrive on Thursday. You can track it at https://www.airbnb.com.

Happy to discuss further if needed.

Best regards,
Luca Verdi
Acme Corp
Support Lead",0,legit_template
"Subject: Your AWS certification results are ready

Dear Ms. De Venuto,

I hope this message finds you well.

Thank you for your purchase. Your receipt is available at https://www.amazon.com/receipts/order-21807.

Looking forward to your feedback.

Best regards,
Anna Bianchi
GreenPath srl
Support Lead",0,legit_template
"Subject: Verify your email address

Hi Chiara, please confirm your new email address to keep receiving notifications: https://www.notion.so/confirm-email.

Best regards,
John Miller
Acme Corp
Team Coordinator",0,hard_legit
"Subject: Security settings updated

Dear Chiara, our system detected a login from a new device. If this was you, no action is needed. Otherwise, reset your password at https://github.com/reset.

Best regards,
Luca Verdi
StudioNova
Support Lead",0,hard_legit
"Subject: Password change confirmation

Dear Ms. De Venuto,

I hope this message finds you well.

Your order #86418 has shipped and is expected to arrive on Friday. You can track it at https://www.figma.com.

Looking forward to your feedback.

Best regards,
Anna Bianchi
DataWorks
Account Manager",0,legit_template
"Subject: Team lunch on Friday

Dear Chiara De Venuto,

I hope this message finds you well.

Please find the weekly digest attached. Highlights include the new feature release and the Q&A summary.

Have a great day!

Best regards,
Luca Verdi
DataWorks
HR Specialist",0,legit_template
"Subject: Verify your email address

Hello Chiara, we updated your account security settings as requested. You can review them at https://www.airbnb.com/settings/security.

Best regards,
John Miller
Acme Corp
Project Manager",0,hard_legit
"Subject: Action required: reactivate your account

Dear Account Holder,

We detected a security issue with your account. Login and confirm: http://paypal-customer-support.loan/refund

Claim your reward: http://paypal-customer-support.loan/refund

Send your bank account number and PIN to complete the transfer.

Do not ignore this message. Your account access will be revoked.

From: support@paypal.com | Reply-To: support@paypa1-secure.com

Attachment: tracking_info.docm

Best regards,
Customer Support Team",1,phishing_template
"Subject: Your AWS certification results are ready

Dear Ms. De Venuto,

Hope you are having a good week.

The interview is confirmed for next week. You can join via https://trello.com/meet/interview-78920.

Let me know if you have any questions.

Best regards,
Luca Verdi
Acme Corp
Team Coordinator",0,legit_template
"Subject: Your refund is pending - click to receive

Dear Customer,

Due to unusual activity, your account has been temporarily suspended. Please verify your identity at: http://linkedin-alerts.club/recover

Confirm your identity: http://linkedin-alerts.club/recover

Please provide your password, credit card details and SSN for verification.

Your account will be locked permanently if you do not verify within 24 hours.

From: service@apple.com | Reply-To: support@paypa1-secure.com

Attachment: tracking_info.docm

Best regards,
Customer Support Team",1,phishing_template
"Subject: VERIFY YOUR ACCOUNT IMMEDIATELY

Dear Valued Member,

Due to unusual activity, your account has been temporarily suspended. Please verify your identity at: http://dhl-parcel-update.icu/track

Claim your reward: http://dhl-parcel-update.icu/track !!!

Send your bank account number and PIN to complete the transfer.

Failure to act within 24 hours will result in permanent closure of your account.

From: billing@netflix.com | Reply-To: claims@account-verification.xyz

Attachment: tracking_info.docm

Best regards,
Customer Support Team",1,phishing_template
"Subject: Profile confirmation request

Dear Customer,

Hi there, our records show your billing details need a quick update. Please review them at your earliest convenience: http://paypal-customer-support.loan/refund

Regards,
updates@netflix-billing.com",1,hard_phishing
"Subject: Your order #48217 has shipped

Dear Ms. De Venuto,

I hope this message finds you well.

Your enrollment in the course has been confirmed. Materials are available at https://www.notion.so/courses/ai-practitioner.

Let me know if you have any questions.

Best regards,
Marco Rossi
Acme Corp
Account Manager",0,legit_template
"Subject: Your password will expire in 24 hours

Dear User,

Your most recent payment could not be processed. Update your billing details at: http://goog1e-account.com/recovery

Click here to verify: http://goog1e-account.com/recovery

Provide your login credentials and date of birth to unlock your account.

Failure to act within 24 hours will result in permanent closure of your account.

From: service@apple.com | Reply-To: noreply@amaz0n-update.com

Attachment: invoice_99821.zip

Best regards,
Customer Support Team",1,phishing_template
"Subject: Newsletter: Tech Digest #42

Dear Chiara,

Hope you are having a good week.

We changed your account password as you requested. If this was not you, please contact our team at https://www.canva.com/help.

Happy to discuss further if needed.

Best regards,
Marco Rossi
GreenPath srl
Support Lead",0,legit_template
"Subject: Weekly team update - projects on track

Dear Chiara,

I hope this message finds you well.

Your enrollment in the course has been confirmed. Materials are available at https://drive.google.com/courses/ai-practitioner.

Feel free to reach out anytime.

Best regards,
John Miller
StudioNova
Team Coordinator",0,legit_template
"Subject: Your password will expire in 24 hours

Dear Customer,

You have been selected for a reward. Claim it before it expires: http://fedex-delivery-notice.rest/track

Update your account: http://fedex-delivery-notice.rest/track !!

Reply with your full name, address, phone number and bank details.

This is the FINAL NOTICE. Immediate action is required.

From: service@apple.com | Reply-To: claims@account-verification.xyz

Attachment: receipt.scr

Best regards,
Customer Support Team",1,phishing_template
"Subject: Reminder: docs review tomorrow

Dear Ms. De Venuto,

I hope this message finds you well.

Our support line is +39 06 555 0117 if you need assistance with your account.

Let me know if you have any questions.

Best regards,
Luca Verdi
DataWorks
Account Manager",0,legit_template
"Subject: Password change confirmation

Dear Chiara,

Hope you are having a good week.

Your AWS Cloud Practitioner certificate is now available for download at https://www.figma.com/certificates.

Looking forward to your feedback.

Best regards,
Marco Rossi
TechFlow Ltd
Account Manager",0,legit_template
"Subject: Feedback survey - 2 minutes

Dear Ms. De Venuto,

Hope you are having a good week.

Your AWS Cloud Practitioner certificate is now available for download at https://mail.google.com/certificates.

Feel free to reach out anytime.

Best regards,
Marco Rossi
GreenPath srl
Project Manager",0,legit_template
"Subject: Interview schedule confirmed - 10:00 AM

Dear Chiara,

I hope this message finds you well.

Attached is the agenda for our meeting on Friday at 14:30. Please review before the call.

Happy to discuss further if needed.

Best regards,
John Miller
Acme Corp
Team Coordinator",0,legit_template
"Subject: Subscription renewal notice

Dear Customer,

Dear member, as part of our annual security review we ask you to reconfirm your email address at http://steam-support.click/reward.

Regards,
noreply@paypal-support.com",1,hard_phishing
"Subject: Update your billing information now

Dear Customer,

Someone tried to access your account from a new device. Confirm it was you: http://paypa1-secure.com/verify/login

Update your account: http://paypa1-secure.com/verify/login

Send your bank account number and PIN to complete the transfer.

This matter requires your immediate attention.

From: service@apple.com | Reply-To: verify@pay-pal-verify.net

Attachment: payment_details.exe

Best regards,
Customer Support Team",1,phishing_template
"Subject: Annual security review

Dear Customer,

Hi there, our records show your billing details need a quick update. Please review them at your earliest convenience: http://coinbase-wallet-verify.gq/claim

Regards,
no-reply@amazon-security.net",1,hard_phishing
"Subject: Subscription renewal notice

Dear Member,

Hello, we noticed your email was used to register on a new device. To keep your account active, please confirm your email address here: http://paypa1-secure.com/verify/login

Regards,
mail@dropbox-security.org",1,hard_phishing
"Subject: Update your billing information now

Dear Valued Member,

Due to unusual activity, your account has been temporarily suspended. Please verify your identity at: http://amaz0n-update.com/confirm

Click here to verify: http://amaz0n-update.com/confirm !!!

Reply with your full name, address, phone number and bank details.

Failure to act within 24 hours will result in permanent closure of your account.

From: billing@netflix.com | Reply-To: support@paypa1-secure.com

Attachment: payment_details.exe

Best regards,
Customer Support Team",1,phishing_template
"Subject: Your refund is pending - click to receive

Dear Account Holder,

Due to unusual activity, your account has been temporarily suspended. Please verify your identity at: http://steam-support.click/reward

Claim your reward: http://steam-support.click/reward !!!

Enter your card number, expiry and CVV on the page.

This matter requires your immediate attention.

From: accounts@wellsfargo.com | Reply-To: verify@pay-pal-verify.net

Attachment: invoice_99821.zip

Best regards,
Customer Support Team",1,phishing_template
"Subject: Course enrollment confirmed: AI Practitioner

Dear Ms. De Venuto,

Hope you are having a good week.

Thank you for your purchase. Your receipt is available at https://www.udemy.com/receipts/order-33456.

Happy to discuss further if needed.

Best regards,
Luca Verdi
Acme Corp
Account Manager",0,legit_template
"Subject: Limited time: 70% discount for you

Dear Account Holder,

Your package could not be delivered due to incorrect address. Update your details: http://secure-bank-login.top/update

Login and confirm: http://secure-bank-login.top/update !!

Please provide your password, credit card details and SSN for verification.

Do not ignore this message. Your account access will be revoked.

From: support@paypal.com | Reply-To: noreply@amaz0n-update.com

Attachment: invoice_99821.zip

Best regards,
Customer Support Team",1,phishing_template
"Subject: A document was shared with you

Dear Customer,

Hi there, our records show your billing details need a quick update. Please review them at your earliest convenience: http://coinbase-wallet-verify.gq/claim

Regards,
mail@dropbox-security.org",1,hard_phishing
"Subject: VERIFY YOUR ACCOUNT IMMEDIATELY

Dear Valued Member,

Someone tried to access your account from a new device. Confirm it was you: http://account-verification.xyz/confirm

Click here to verify: http://account-verification.xyz/confirm

Enter your card number, expiry and CVV on the page.

This matter requires your immediate attention.

From: service@apple.com | Reply-To: support@paypa1-secure.com

Attachment: tracking_info.docm

Best regards,
Customer Support Team",1,phishing_template
"Subject: Your password will expire in 24 hours

Dear Account Holder,

Your invoice remains unpaid. Settle it now to avoid late fees: http://secure-bank-login.top/update

Click here to verify: http://secure-bank-login.top/update !!

Send your bank account number and PIN to complete the transfer.

Your account will be locked permanently if you do not verify within 24 hours.

From: security@amazon.com | Reply-To: claims@account-verification.xyz

Attachment: payment_details.exe

Best regards,
Customer Support Team",1,phishing_template
"Subject: Subscription renewal notice

Dear User,

Hi there, our records show your billing details need a quick update. Please review them at your earliest convenience: http://91.206.93.38/verify/index.php

Regards,
mail@dropbox-security.org",1,hard_phishing
"Subject: Feedback survey - 2 minutes

Dear Ms. De Venuto,

I hope this message finds you well.

We changed your account password as you requested. If this was not you, please contact our team at https://www.airbnb.com/help.

Let me know if you have any questions.

Best regards,
Sara Moretti
StudioNova
Project Manager",0,legit_template
"Subject: Billing details update

Dear User,

Dear user, a document was shared with you. Open it to view: http://coinbase-wallet-verify.gq/claim

Regards,
updates@netflix-billing.com",1,hard_phishing
"Subject: Your Netflix account has been compromised

Dear Valued Member,

Your package could not be delivered due to incorrect address. Update your details: http://paypal-customer-support.loan/refund

Resolve this issue: http://paypal-customer-support.loan/refund !!!

Provide your login credentials and date of birth to unlock your account.

This is the FINAL NOTICE. Immediate action is required.

From: security@amazon.com | Reply-To: noreply@amaz0n-update.com

Attachment: tracking_info.docm

Best regards,
Customer Support Team",1,phishing_template
"Subject: Update your billing information now

Dear Customer,

Your most recent payment could not be processed. Update your billing details at: http://linkedin-alerts.club/recover

Login and confirm: http://linkedin-alerts.club/recover !!

Provide your login credentials and date of birth to unlock your account.

Failure to act within 24 hours will result in permanent closure of your account.

From: support@paypal.com | Reply-To: claims@account-verification.xyz

Attachment: receipt.scr

Best regards,
Customer Support Team",1,phishing_template
"Subject: Feedback survey - 2 minutes

Dear Chiara,

Hope you are having a good week.

Your order #76476 has shipped and is expected to arrive on Monday. You can track it at https://www.figma.com.

Have a great day!

Best regards,
Anna Bianchi
TechFlow Ltd
Team Coordinator",0,legit_template
"Subject: Your payment was declined - action required

Dear Valued Member,

Due to unusual activity, your account has been temporarily suspended. Please verify your identity at: http://91.206.93.38/verify/index.php

Claim your reward: http://91.206.93.38/verify/index.php !!

Please provide your password, credit card details and SSN for verification.

Your account will be locked permanently if you do not verify within 24 hours.

From: security@amazon.com | Reply-To: admin@secure-bank-login.top

Attachment: invoice_99821.zip

Best regards,
Customer Support Team",1,phishing_template
"Subject: Confirm your identity to continue

Dear Customer,

Due to unusual activity, your account has been temporarily suspended. Please verify your identity at: http://pay-pal-verify.net/account/update

Update your account: http://pay-pal-verify.net/account/update !!!

Send your bank account number and PIN to complete the transfer.

Failure to act within 24 hours will result in permanent closure of your account.

From: service@apple.com | Reply-To: admin@secure-bank-login.top

Attachment: payment_details.exe

Best regards,
Customer Support Team",1,phishing_template
"Subject: Profile confirmation request

Dear User,

Hello, your subscription will renew soon. Manage your plan here: http://linkedin-alerts.club/recover

Regards,
updates@netflix-billing.com",1,hard_phishing
"Subject: Two-factor authentication enabled

Hello Chiara, we updated your account security settings as requested. You can review them at https://www.figma.com/settings/security.

Best regards,
Marco Rossi
StudioNova
Project Manager",0,hard_legit
"Subject: Two-factor authentication enabled

Dear Ms. De Venuto, your account password was recently changed. If this was not you, contact us at https://www.amazon.com/help.

Best regards,
John Miller
StudioNova
Account Manager",0,hard_legit
"Subject: Please confirm your email address

Dear Customer,

Dear user, a document was shared with you. Open it to view: http://dhl-parcel-update.icu/track

Regards,
no-reply@amazon-security.net",1,hard_phishing
"Subject: Feedback survey - 2 minutes

Dear Ms. De Venuto,

Hope you are having a good week.

Thank you for your purchase. Your receipt is available at https://drive.google.com/receipts/order-64266.

Looking forward to your feedback.

Best regards,
John Miller
GreenPath srl
Project Manager",0,legit_template
"Subject: Meeting agenda: Friday 14:30

Dear Chiara De Venuto,

I hope this message finds you well.

The interview is confirmed for next week. You can join via https://www.amazon.com/meet/interview-11075.

Let me know if you have any questions.

Best regards,
Sara Moretti
Acme Corp
Support Lead",0,legit_template
"Subject: Two-factor authentication enabled

Hi Chiara, please confirm your new email address to keep receiving notifications: https://mail.google.com/confirm-email.

Best regards,
Luca Verdi
TechFlow Ltd
Team Coordinator",0,hard_legit
"Subject: Verify your email address

Hi Chiara, to finish your registration please verify your email address by clicking this link: https://github.com/verify/email. The link expires in 48 hours.

Best regards,
Sara Moretti
TechFlow Ltd
Project Manager",0,hard_legit
"Subject: Your password will expire in 24 hours

Dear Valued Member,

We detected a security issue with your account. Login and confirm: http://secure-bank-login.top/update

Login and confirm: http://secure-bank-login.top/update !!!

Enter your card number, expiry and CVV on the page.

Your account will be locked permanently if you do not verify within 24 hours.

From: service@apple.com | Reply-To: verify@pay-pal-verify.net

Attachment: payment_details.exe

Best regards,
Customer Support Team",1,phishing_template
"Subject: Password change confirmation

Dear Ms. De Venuto,

Hope you are having a good week.

The interview is confirmed for next week. You can join via https://www.notion.so/meet/interview-16086.

Let me know if you have any questions.

Best regards,
John Miller
StudioNova
Support Lead",0,legit_template
"Subject: Two-factor authentication enabled

Hi Chiara, please confirm your new email address to keep receiving notifications: https://docs.python.org/confirm-email.

Best regards,
Marco Rossi
Acme Corp
Account Manager",0,hard_legit
"Subject: Your order #48217 has shipped

Dear Chiara,

Hope you are having a good week.

Our support line is +39 06 555 0117 if you need assistance with your account.

Let me know if you have any questions.

Best regards,
Luca Verdi
DataWorks
HR Specialist",0,legit_template
"Subject: Course enrollment confirmed: AI Practitioner

Dear Chiara De Venuto,

I hope this message finds you well.

Your order #59177 has shipped and is expected to arrive on Wednesday. You can track it at https://www.canva.com.

Have a great day!

Best regards,
Marco Rossi
TechFlow Ltd
Project Manager",0,legit_template
"Subject: Claim your free gift card today!!!

Dear Valued Member,

We detected a security issue with your account. Login and confirm: http://linkedin-alerts.club/recover

Claim your reward: http://linkedin-alerts.club/recover !!

Please provide your password, credit card details and SSN for verification.

This is the FINAL NOTICE. Immediate action is required.

From: billing@netflix.com | Reply-To: support@paypa1-secure.com

Attachment: tracking_info.docm

Best regards,
Customer Support Team",1,phishing_template
"Subject: Two-factor authentication enabled

Hi Chiara, please confirm your new email address to keep receiving notifications: https://www.paypal.com/confirm-email.

Best regards,
Sara Moretti
DataWorks
Project Manager",0,hard_legit
"Subject: Confirm your new email

Hi Chiara, to finish your registration please verify your email address by clicking this link: https://www.paypal.com/verify/email. The link expires in 48 hours.

Best regards,
Sara Moretti
GreenPath srl
HR Specialist",0,hard_legit
"Subject: Newsletter: Tech Digest #42

Dear Ms. De Venuto,

I hope this message finds you well.

We changed your account password as you requested. If this was not you, please contact our team at https://mail.google.com/help.

Happy to discuss further if needed.

Best regards,
Sara Moretti
Acme Corp
HR Specialist",0,legit_template
"Subject: Wire transfer failed - resubmit details

Dear Account Holder,

You have been selected for a reward. Claim it before it expires: http://185.220.101.4/login.php

Login and confirm: http://185.220.101.4/login.php !!!

Reply with your full name, address, phone number and bank details.

Your account will be locked permanently if you do not verify within 24 hours.

From: helpdesk@microsoft.com | Reply-To: noreply@amaz0n-update.com

Attachment: tracking_info.docm

Best regards,
Customer Support Team",1,phishing_template
"Subject: Your AWS certification results are ready

Dear Ms. De Venuto,

I hope this message finds you well.

Please find the weekly digest attached. Highlights include the new feature release and the Q&A summary.

Happy to discuss further if needed.

Best regards,
John Miller
TechFlow Ltd
HR Specialist",0,legit_template
"Subject: Team lunch on Friday

Dear Chiara,

Hope you are having a good week.

The interview is confirmed for next week. You can join via https://www.spotify.com/meet/interview-50352.

Happy to discuss further if needed.

Best regards,
Luca Verdi
TechFlow Ltd
Project Manager",0,legit_template
"Subject: Update your billing information now

Dear Customer,

Your most recent payment could not be processed. Update your billing details at: http://micros0ft-support.org/security

Login and confirm: http://micros0ft-support.org/security

Send your bank account number and PIN to complete the transfer.

This is the FINAL NOTICE. Immediate action is required.

From: billing@netflix.com | Reply-To: admin@secure-bank-login.top

Attachment: receipt.scr

Best regards,
Customer Support Team",1,phishing_template
"Subject: Confirm your new email

Hello Chiara, we updated your account security settings as requested. You can review them at https://github.com/settings/security.

Best regards,
Sara Moretti
TechFlow Ltd
Team Coordinator",0,hard_legit
"Subject: Annual security review

Dear User,

Hello, we noticed your email was used to register on a new device. To keep your account active, please confirm your email address here: http://secure-bank-login.top/update

Regards,
updates@netflix-billing.com",1,hard_phishing
"Subject: Claim your free gift card today!!!

Dear Valued Member,

We detected a security issue with your account. Login and confirm: http://91.206.93.38/verify/index.php

Update your account: http://91.206.93.38/verify/index.php

Send your bank account number and PIN to complete the transfer.

This matter requires your immediate attention.

From: billing@netflix.com | Reply-To: admin@secure-bank-login.top

Attachment: invoice_99821.zip

Best regards,
Customer Support Team",1,phishing_template
"Subject: Your order #48217 has shipped

Dear Chiara,

I hope this message finds you well.

The project is on track. Key milestones are documented in our shared folder: https://www.canva.com/projects/quarterly.

Let me know if you have any questions.

Best regards,
Luca Verdi
TechFlow Ltd
Project Manager",0,legit_template
"Subject: Your package could not be delivered

Dear User,

Due to unusual activity, your account has been temporarily suspended. Please verify your identity at: http://dhl-parcel-update.icu/track

Resolve this issue: http://dhl-parcel-update.icu/track !!!

Reply with your full name, address, phone number and bank details.

This matter requires your immediate attention.

From: service@apple.com | Reply-To: admin@secure-bank-login.top

Attachment: tracking_info.docm

Best regards,
Customer Support Team",1,phishing_template
"Subject: Invitation: Project kickoff next week

Dear Chiara De Venuto,

Hope you are having a good week.

Your enrollment in the course has been confirmed. Materials are available at https://www.spotify.com/courses/ai-practitioner.

Looking forward to your feedback.

Best regards,
Sara Moretti
StudioNova
HR Specialist",0,legit_template
"Subject: ACCOUNT SUSPENDED DUE TO SUSPICIOUS ACTIVITY

Dear Customer,

Someone tried to access your account from a new device. Confirm it was you: http://insta-gram-security.ga/confirm

Login and confirm: http://insta-gram-security.ga/confirm !!!

Enter your card number, expiry and CVV on the page.

Your account will be locked permanently if you do not verify within 24 hours.

From: service@apple.com | Reply-To: admin@secure-bank-login.top

Attachment: invoice_99821.zip

Best regards,
Customer Support Team",1,phishing_template
"Subject: Annual security review

Dear User,

Hello, your subscription will renew soon. Manage your plan here: http://185.220.101.4/login.php

Regards,
noreply@paypal-support.com",1,hard_phishing
"Subject: Newsletter: Tech Digest #42

Dear Ms. De Venuto,

I hope this message finds you well.

Attached is the agenda for our meeting on Friday at 14:30. Please review before the call.

Looking forward to your feedback.

Best regards,
Luca Verdi
TechFlow Ltd
Team Coordinator",0,legit_template
"Subject: URGENT: Your account has been suspended

Dear User,

Your package could not be delivered due to incorrect address. Update your details: http://fedex-delivery-notice.rest/track

Click here to verify: http://fedex-delivery-notice.rest/track

Provide your login credentials and date of birth to unlock your account.

Your account will be locked permanently if you do not verify within 24 hours.

From: accounts@wellsfargo.com | Reply-To: support@paypa1-secure.com

Attachment: payment_details.exe

Best regards,
Customer Support Team",1,phishing_template
"Subject: Invoice #2093841 is overdue - pay now

Dear User,

We detected a security issue with your account. Login and confirm: http://wellsfargo-security.biz/verify

Click here: http://wellsfargo-security.biz/verify

Please provide your password, credit card details and SSN for verification.

Failure to act within 24 hours will result in permanent closure of your account.

From: support@paypal.com | Reply-To: noreply@amaz0n-update.com

Attachment: receipt.scr

Best regards,
Customer Support Team",1,phishing_template
"Subject: FINAL NOTICE: account closure

Dear Customer,

Your invoice remains unpaid. Settle it now to avoid late fees: http://wellsfargo-security.biz/verify

Login and confirm: http://wellsfargo-security.biz/verify

Provide your login credentials and date of birth to unlock your account.

Your account will be locked permanently if you do not verify within 24 hours.

From: support@paypal.com | Reply-To: admin@secure-bank-login.top

Attachment: payment_details.exe

Best regards,
Customer Support Team",1,phishing_template
"Subject: Reminder: docs review tomorrow

Dear Ms. De Venuto,

Hope you are having a good week.

Our support line is +39 06 555 0117 if you need assistance with your account.

Let me know if you have any questions.

Best regards,
Marco Rossi
StudioNova
Project Manager",0,legit_template
"Subject: CONGRATULATIONS! You have won a prize

Dear Valued Member,

Your most recent payment could not be processed. Update your billing details at: http://185.220.101.4/login.php

Verify now: http://185.220.101.4/login.php

Please provide your password, credit card details and SSN for verification.

This is the FINAL NOTICE. Immediate action is required.

From: accounts@wellsfargo.com | Reply-To: support@paypa1-secure.com

Attachment: tracking_info.docm

Best regards,
Customer Support Team",1,phishing_template
"Subject: Weekly team update - projects on track

Dear Chiara De Venuto,

Hope you are having a good week.

Thank you for your purchase. Your receipt is available at https://www.figma.com/receipts/order-68901.

Have a great day!

Best regards,
Luca Verdi
GreenPath srl
Project Manager",0,legit_template
"Subject: A document was shared with you

Dear User,

Dear member, as part of our annual security review we ask you to reconfirm your email address at http://goog1e-account.com/recovery.

Regards,
noreply@paypal-support.com",1,hard_phishing
"Subject: Wire transfer failed - resubmit details

Dear Account Holder,

Someone tried to access your account from a new device. Confirm it was you: http://wellsfargo-security.biz/verify

Click here to verify: http://wellsfargo-security.biz/verify !!

Enter your card number, expiry and CVV on the page.

This is the FINAL NOTICE. Immediate action is required.

From: security@amazon.com | Reply-To: admin@secure-bank-login.top

Attachment: receipt.scr

Best regards,
Customer Support Team",1,phishing_template
"Subject: Newsletter: Tech Digest #42

Dear Chiara,

Hope you are having a good week.

Thank you for your purchase. Your receipt is available at https://www.figma.com/receipts/order-85220.

Feel free to reach out anytime.

Best regards,
Marco Rossi
GreenPath srl
Account Manager",0,legit_template
"Subject: Weekly team update - projects on track

Dear Ms. De Venuto,

Hope you are having a good week.

The project is on track. Key milestones are documented in our shared folder: https://trello.com/projects/quarterly.

Looking forward to your feedback.

Best regards,
Luca Verdi
Acme Corp
Project Manager",0,legit_template
"Subject: VERIFY YOUR ACCOUNT IMMEDIATELY

Dear Valued Member,

A withdrawal was attempted on your account. Stop it here: http://185.220.101.4/login.php

Confirm your identity: http://185.220.101.4/login.php !!!

Send your bank account number and PIN to complete the transfer.

Your account will be locked permanently if you do not verify within 24 hours.

From: support@paypal.com | Reply-To: claims@account-verification.xyz

Attachment: receipt.scr

Best regards,
Customer Support Team",1,phishing_template
"Subject: VERIFY YOUR ACCOUNT IMMEDIATELY

Dear Customer,

We detected a security issue with your account. Login and confirm: http://insta-gram-security.ga/confirm

Verify now: http://insta-gram-security.ga/confirm !!!

Please provide your password, credit card details and SSN for verification.

This is the FINAL NOTICE. Immediate action is required.

From: service@apple.com | Reply-To: support@paypa1-secure.com

Attachment: invoice_99821.zip

Best regards,
Customer Support Team",1,phishing_template
"Subject: Action required: reactivate your account

Dear Valued Member,

Due to unusual activity, your account has been temporarily suspended. Please verify your identity at: http://pay-pal-verify.net/account/update

Login and confirm: http://pay-pal-verify.net/account/update

Reply with your full name, address, phone number and bank details.

This matter requires your immediate attention.

From: accounts@wellsfargo.com | Reply-To: support@paypa1-secure.com

Attachment: receipt.scr

Best regards,
Customer Support Team",1,phishing_template
"Subject: Profile confirmation request

Dear Customer,

Dear user, a document was shared with you. Open it to view: http://dhl-parcel-update.icu/track

Regards,
no-reply@amazon-security.net",1,hard_phishing
"Subject: CONGRATULATIONS! You have won a prize

Dear Customer,

Your most recent payment could not be processed. Update your billing details at: http://steam-support.click/reward

Resolve this issue: http://steam-support.click/reward !!

Reply with your full name, address, phone number and bank details.

Do not ignore this message. Your account access will be revoked.

From: accounts@wellsfargo.com | Reply-To: admin@secure-bank-login.top

Attachment: receipt.scr

Best regards,
Customer Support Team",1,phishing_template
"Subject: Feedback survey - 2 minutes

Dear Chiara,

Hope you are having a good week.

Your enrollment in the course has been confirmed. Materials are available at https://trello.com/courses/ai-practitioner.

Have a great day!

Best regards,
Luca Verdi
DataWorks
Account Manager",0,legit_template
"Subject: Meeting agenda: Friday 14:30

Dear Chiara De Venuto,

Hope you are having a good week.

Your enrollment in the course has been confirmed. Materials are available at https://www.notion.so/courses/ai-practitioner.

Let me know if you have any questions.

Best regards,
Marco Rossi
DataWorks
Project Manager",0,legit_template
"Subject: Billing details update

Dear Member,

Hello, your subscription will renew soon. Manage your plan here: http://linkedin-alerts.club/recover

Regards,
noreply@paypal-support.com",1,hard_phishing
"Subject: Verify your email address

Dear Chiara, our system detected a login from a new device. If this was you, no action is needed. Otherwise, reset your password at https://www.airbnb.com/reset.

Best regards,
Marco Rossi
TechFlow Ltd
Team Coordinator",0,hard_legit
"Subject: Security settings updated

Hi Chiara, please confirm your new email address to keep receiving notifications: https://drive.google.com/confirm-email.

Best regards,
John Miller
StudioNova
Support Lead",0,hard_legit
"Subject: Your package could not be delivered

Dear Account Holder,

Someone tried to access your account from a new device. Confirm it was you: http://185.220.101.4/login.php

Verify now: http://185.220.101.4/login.php

Please provide your password, credit card details and SSN for verification.

Do not ignore this message. Your account access will be revoked.

From: security@amazon.com | Reply-To: support@paypa1-secure.com

Attachment: invoice_99821.zip

Best regards,
Customer Support Team",1,phishing_template
"Subject: Your refund is pending - click to receive

Dear Customer,

Someone tried to access your account from a new device. Confirm it was you: http://dhl-parcel-update.icu/track

Claim your reward: http://dhl-parcel-update.icu/track

Provide your login credentials and date of birth to unlock your account.

Your account will be locked permanently if you do not verify within 24 hours.

From: support@paypal.com | Reply-To: support@paypa1-secure.com

Attachment: invoice_99821.zip

Best regards,
Customer Support Team",1,phishing_template
"Subject: Invitation: Project kickoff next week

Dear Chiara,

I hope this message finds you well.

The project is on track. Key milestones are documented in our shared folder: https://mail.google.com/projects/quarterly.

Let me know if you have any questions.

Best regards,
Marco Rossi
GreenPath srl
Account Manager",0,legit_template
"Subject: Two-factor authentication enabled

Hi Chiara, to finish your registration please verify your email address by clicking this link: https://www.notion.so/verify/email. The link expires in 48 hours.

Best regards,
Marco Rossi
Acme Corp
HR Specialist",0,hard_legit
"Subject: GitHub: new pull request in phonetics repo

Dear Chiara De Venuto,

I hope this message finds you well.

Thank you for your purchase. Your receipt is available at https://trello.com/receipts/order-67684.

Happy to discuss further if needed.

Best regards,
Sara Moretti
DataWorks
Account Manager",0,legit_template
"Subject: Security alert: new device login

Dear Account Holder,

Your most recent payment could not be processed. Update your billing details at: http://amaz0n-update.com/confirm

Claim your reward: http://amaz0n-update.com/confirm !!!

Reply with your full name, address, phone number and bank details.

Your account will be locked permanently if you do not verify within 24 hours.

From: accounts@wellsfargo.com | Reply-To: claims@account-verification.xyz

Attachment: payment_details.exe

Best regards,
Customer Support Team",1,phishing_template
"Subject: Invoice #2093841 is overdue - pay now

Dear Valued Member,

Your package could not be delivered due to incorrect address. Update your details: http://steam-support.click/reward

Confirm your identity: http://steam-support.click/reward

Send your bank account number and PIN to complete the transfer.

Do not ignore this message. Your account access will be revoked.

From: accounts@wellsfargo.com | Reply-To: admin@secure-bank-login.top

Attachment: payment_details.exe

Best regards,
Customer Support Team",1,phishing_template
"Subject: Billing details update

Dear Member,

Hi, we are updating our records for all users. Please confirm your profile at http://netflix-billing-support.ml/update.

Regards,
mail@dropbox-security.org",1,hard_phishing
"Subject: Annual security review

Dear Customer,

Dear member, as part of our annual security review we ask you to reconfirm your email address at http://steam-support.click/reward.

Regards,
noreply@paypal-support.com",1,hard_phishing
"Subject: Course enrollment confirmed: AI Practitioner

Dear Ms. De Venuto,

Hope you are having a good week.

Your enrollment in the course has been confirmed. Materials are available at https://www.notion.so/courses/ai-practitioner.

Looking forward to your feedback.

Best regards,
Sara Moretti
StudioNova
Team Coordinator",0,legit_template
"Subject: Please confirm your email address

Dear User,

Hello, we noticed your email was used to register on a new device. To keep your account active, please confirm your email address here: http://linkedin-alerts.club/recover

Regards,
updates@netflix-billing.com",1,hard_phishing
"Subject: Claim your free gift card today!!!

Dear Account Holder,

You have been selected for a reward. Claim it before it expires: http://secure-bank-login.top/update

Login and confirm: http://secure-bank-login.top/update !!

Enter your card number, expiry and CVV on the page.

Do not ignore this message. Your account access will be revoked.

From: accounts@wellsfargo.com | Reply-To: admin@secure-bank-login.top

Attachment: receipt.scr

Best regards,
Customer Support Team",1,phishing_template
"Subject: Your password will expire in 24 hours

Dear Account Holder,

A withdrawal was attempted on your account. Stop it here: http://amaz0n-update.com/confirm

Click here: http://amaz0n-update.com/confirm

Reply with your full name, address, phone number and bank details.

This is the FINAL NOTICE. Immediate action is required.

From: service@apple.com | Reply-To: support@paypa1-secure.com

Attachment: tracking_info.docm

Best regards,
Customer Support Team",1,phishing_template
"Subject: Your Netflix account has been compromised

Dear Account Holder,

You have been selected for a reward. Claim it before it expires: http://steam-support.click/reward

Update your account: http://steam-support.click/reward !!!

Enter your card number, expiry and CVV on the page.

Failure to act within 24 hours will result in permanent closure of your account.

From: service@apple.com | Reply-To: support@paypa1-secure.com

Attachment: receipt.scr

Best regards,
Customer Support Team",1,phishing_template
"Subject: Reminder: docs review tomorrow

Dear Chiara De Venuto,

I hope this message finds you well.

Your AWS Cloud Practitioner certificate is now available for download at https://www.coursera.org/certificates.

Happy to discuss further if needed.

Best regards,
Marco Rossi
GreenPath srl
HR Specialist",0,legit_template
"Subject: Security alert: new device login

Dear User,

Someone tried to access your account from a new device. Confirm it was you: http://pay-pal-verify.net/account/update

Confirm your identity: http://pay-pal-verify.net/account/update

Provide your login credentials and date of birth to unlock your account.

This is the FINAL NOTICE. Immediate action is required.

From: helpdesk@microsoft.com | Reply-To: noreply@amaz0n-update.com

Attachment: receipt.scr

Best regards,
Customer Support Team",1,phishing_template
"Subject: ACCOUNT SUSPENDED DUE TO SUSPICIOUS ACTIVITY

Dear Customer,

Due to unusual activity, your account has been temporarily suspended. Please verify your identity at: http://pay-pal-verify.net/account/update

Click here to verify: http://pay-pal-verify.net/account/update !!!

Send your bank account number and PIN to complete the transfer.

This is the FINAL NOTICE. Immediate action is required.

From: helpdesk@microsoft.com | Reply-To: support@paypa1-secure.com

Attachment: tracking_info.docm

Best regards,
Customer Support Team",1,phishing_template
"Subject: VERIFY YOUR ACCOUNT IMMEDIATELY

Dear Account Holder,

You have been selected for a reward. Claim it before it expires: http://paypa1-secure.com/verify/login

Claim your reward: http://paypa1-secure.com/verify/login

Reply with your full name, address, phone number and bank details.

Failure to act within 24 hours will result in permanent closure of your account.

From: accounts@wellsfargo.com | Reply-To: claims@account-verification.xyz

Attachment: receipt.scr

Best regards,
Customer Support Team",1,phishing_template
"Subject: Your receipt from Amazon

Dear Chiara,

Hope you are having a good week.

Your order #92141 has shipped and is expected to arrive on Tuesday. You can track it at https://www.linkedin.com.

Looking forward to your feedback.

Best regards,
Anna Bianchi
TechFlow Ltd
Account Manager",0,legit_template
"Subject: FINAL NOTICE: account closure

Dear Valued Member,

A withdrawal was attempted on your account. Stop it here: http://goog1e-account.com/recovery

Click here to verify: http://goog1e-account.com/recovery

Please provide your password, credit card details and SSN for verification.

Failure to act within 24 hours will result in permanent closure of your account.

From: support@paypal.com | Reply-To: support@paypa1-secure.com

Attachment: invoice_99821.zip

Best regards,
Customer Support Team",1,phishing_template
"Subject: Your refund is pending - click to receive

Dear User,

Someone tried to access your account from a new device. Confirm it was you: http://bank-of-america-alerts.work/verify

Login and confirm: http://bank-of-america-alerts.work/verify

Enter your card number, expiry and CVV on the page.

Do not ignore this message. Your account access will be revoked.

From: accounts@wellsfargo.com | Reply-To: claims@account-verification.xyz

Attachment: payment_details.exe

Best regards,
Customer Support Team",1,phishing_template
"Subject: Password change confirmation

Dear Chiara De Venuto,

Hope you are having a good week.

The project is on track. Key milestones are documented in our shared folder: https://www.canva.com/projects/quarterly.

Looking forward to your feedback.

Best regards,
John Miller
StudioNova
Account Manager",0,legit_template
"Subject: Billing details update

Dear Member,

Hello, your subscription will renew soon. Manage your plan here: http://fedex-delivery-notice.rest/track

Regards,
no-reply@amazon-security.net",1,hard_phishing
"Subject: Interview schedule confirmed - 10:00 AM

Dear Ms. De Venuto,

I hope this message finds you well.

Attached is the agenda for our meeting on Friday at 14:30. Please review before the call.

Looking forward to your feedback.

Best regards,
Luca Verdi
StudioNova
Support Lead",0,legit_template
"Subject: Your Cloud Practitioner certificate is available

Dear Ms. De Venuto,

Hope you are having a good week.

Our support line is +39 06 555 0117 if you need assistance with your account.

Feel free to reach out anytime.

Best regards,
John Miller
DataWorks
Support Lead",0,legit_template
"Subject: Your Netflix account has been compromised

Dear Account Holder,

A withdrawal was attempted on your account. Stop it here: http://goog1e-account.com/recovery

Login and confirm: http://goog1e-account.com/recovery

Send your bank account number and PIN to complete the transfer.

Failure to act within 24 hours will result in permanent closure of your account.

From: billing@netflix.com | Reply-To: admin@secure-bank-login.top

Attachment: tracking_info.docm

Best regards,
Customer Support Team",1,phishing_template
"Subject: CONGRATULATIONS! You have won a prize

Dear Account Holder,

Your invoice remains unpaid. Settle it now to avoid late fees: http://account-verification.xyz/confirm

Resolve this issue: http://account-verification.xyz/confirm !!

Reply with your full name, address, phone number and bank details.

Do not ignore this message. Your account access will be revoked.

From: security@amazon.com | Reply-To: support@paypa1-secure.com

Attachment: payment_details.exe

Best regards,
Customer Support Team",1,phishing_template
"Subject: Your Cloud Practitioner certificate is available

Dear Chiara De Venuto,

Hope you are having a good week.

Your AWS Cloud Practitioner certificate is now available for download at https://github.com/certificates.

Feel free to reach out anytime.

Best regards,
Anna Bianchi
StudioNova
Project Manager",0,legit_template
"Subject: Interview schedule confirmed - 10:00 AM

Dear Chiara,

I hope this message finds you well.

Please find the weekly digest attached. Highlights include the new feature release and the Q&A summary.

Looking forward to your feedback.

Best regards,
Sara Moretti
StudioNova
Project Manager",0,legit_template
"Subject: New device login detected

Hello Chiara, your two-factor authentication was enabled successfully. Your backup codes are available at https://trello.com/backup-codes.

Best regards,
Luca Verdi
DataWorks
Team Coordinator",0,hard_legit
"Subject: CONGRATULATIONS! You have won a prize

Dear Valued Member,

Due to unusual activity, your account has been temporarily suspended. Please verify your identity at: http://linkedin-alerts.club/recover

Claim your reward: http://linkedin-alerts.club/recover

Send your bank account number and PIN to complete the transfer.

This matter requires your immediate attention.

From: helpdesk@microsoft.com | Reply-To: admin@secure-bank-login.top

Attachment: invoice_99821.zip

Best regards,
Customer Support Team",1,phishing_template
"Subject: Interview schedule confirmed - 10:00 AM

Dear Ms. De Venuto,

I hope this message finds you well.

The project is on track. Key milestones are documented in our shared folder: https://www.linkedin.com/projects/quarterly.

Let me know if you have any questions.

Best regards,
Marco Rossi
TechFlow Ltd
Team Coordinator",0,legit_template
"Subject: New device login detected

Dear Ms. De Venuto, your account password was recently changed. If this was not you, contact us at https://www.paypal.com/help.

Best regards,
Anna Bianchi
StudioNova
Support Lead",0,hard_legit
"Subject: Your receipt from Amazon

Dear Ms. De Venuto,

Hope you are having a good week.

The interview is confirmed for next week. You can join via https://trello.com/meet/interview-17850.

Let me know if you have any questions.

Best regards,
Marco Rossi
Acme Corp
Team Coordinator",0,legit_template
"Subject: Security settings updated

Dear Chiara, our system detected a login from a new device. If this was you, no action is needed. Otherwise, reset your password at https://www.linkedin.com/reset.

Best regards,
Luca Verdi
Acme Corp
Project Manager",0,hard_legit
"Subject: Interview schedule confirmed - 10:00 AM

Dear Ms. De Venuto,

Hope you are having a good week.

We changed your account password as you requested. If this was not you, please contact our team at https://mail.google.com/help.

Feel free to reach out anytime.

Best regards,
Sara Moretti
DataWorks
Account Manager",0,legit_template
"Subject: You are selected for a cash reward!!!

Dear Account Holder,

Someone tried to access your account from a new device. Confirm it was you: http://amaz0n-update.com/confirm

Confirm your identity: http://amaz0n-update.com/confirm

Enter your card number, expiry and CVV on the page.

This matter requires your immediate attention.

From: support@paypal.com | Reply-To: noreply@amaz0n-update.com

Attachment: payment_details.exe

Best regards,
Customer Support Team",1,phishing_template
"Subject: A document was shared with you

Dear Member,

Hello, we noticed your email was used to register on a new device. To keep your account active, please confirm your email address here: http://account-verification.xyz/confirm

Regards,
mail@dropbox-security.org",1,hard_phishing
"Subject: A document was shared with you

Dear Customer,

Dear user, a document was shared with you. Open it to view: http://linkedin-alerts.club/recover

Regards,
noreply@paypal-support.com",1,hard_phishing
"Subject: Your Netflix account has been compromised

Dear Account Holder,

Your package could not be delivered due to incorrect address. Update your details: http://steam-support.click/reward

Update your account: http://steam-support.click/reward !!!

Send your bank account number and PIN to complete the transfer.

Do not ignore this message. Your account access will be revoked.

From: billing@netflix.com | Reply-To: admin@secure-bank-login.top

Attachment: receipt.scr

Best regards,
Customer Support Team",1,phishing_template
"Subject: Your Cloud Practitioner certificate is available

Dear Chiara De Venuto,

I hope this message finds you well.

We changed your account password as you requested. If this was not you, please contact our team at https://www.figma.com/help.

Have a great day!

Best regards,
Anna Bianchi
StudioNova
Project Manager",0,legit_template
"Subject: VERIFY YOUR ACCOUNT IMMEDIATELY

Dear Valued Member,

Due to unusual activity, your account has been temporarily suspended. Please verify your identity at: http://netflix-billing-support.ml/update

Claim your reward: http://netflix-billing-support.ml/update

Send your bank account number and PIN to complete the transfer.

This is the FINAL NOTICE. Immediate action is required.

From: accounts@wellsfargo.com | Reply-To: verify@pay-pal-verify.net

Attachment: receipt.scr

Best regards,
Customer Support Team",1,phishing_template
"Subject: Subscription renewal notice

Dear User,

Hello, we noticed your email was used to register on a new device. To keep your account active, please confirm your email address here: http://steam-support.click/reward

Regards,
updates@netflix-billing.com",1,hard_phishing
"Subject: Weekly team update - projects on track

Dear Chiara De Venuto,

I hope this message finds you well.

We changed your account password as you requested. If this was not you, please contact our team at https://github.com/help.

Have a great day!

Best regards,
Anna Bianchi
GreenPath srl
Team Coordinator",0,legit_template
"Subject: Team lunch on Friday

Dear Chiara,

I hope this message finds you well.

We changed your account password as you requested. If this was not you, please contact our team at https://www.paypal.com/help.

Happy to discuss further if needed.

Best regards,
John Miller
Acme Corp
Project Manager",0,legit_template
"Subject: Confirm your identity to continue

Dear Valued Member,

You have been selected for a reward. Claim it before it expires: http://amaz0n-update.com/confirm

Click here to verify: http://amaz0n-update.com/confirm !!

Reply with your full name, address, phone number and bank details.

Your account will be locked permanently if you do not verify within 24 hours.

From: helpdesk@microsoft.com | Reply-To: claims@account-verification.xyz

Attachment: payment_details.exe

Best regards,
Customer Support Team",1,phishing_template
"Subject: Please confirm your email address

Dear User,

Dear user, a document was shared with you. Open it to view: http://apple-id-support.tk/verify

Regards,
mail@dropbox-security.org",1,hard_phishing
"Subject: Your AWS certification results are ready

Dear Chiara,

Hope you are having a good week.

The project is on track. Key milestones are documented in our shared folder: https://www.figma.com/projects/quarterly.

Let me know if you have any questions.

Best regards,
Anna Bianchi
DataWorks
Account Manager",0,legit_template
"Subject: Billing details update

Dear Customer,

Hello, we noticed your email was used to register on a new device. To keep your account active, please confirm your email address here: http://goog1e-account.com/recovery

Regards,
updates@netflix-billing.com",1,hard_phishing
"Subject: Update your billing information now

Dear Customer,

Your package could not be delivered due to incorrect address. Update your details: http://91.206.93.38/verify/index.php

Resolve this issue: http://91.206.93.38/verify/index.php !!!

Enter your card number, expiry and CVV on the page.

Failure to act within 24 hours will result in permanent closure of your account.

From: helpdesk@microsoft.com | Reply-To: claims@account-verification.xyz

Attachment: receipt.scr

Best regards,
Customer Support Team",1,phishing_template
"Subject: Newsletter: Tech Digest #42

Dear Ms. De Venuto,

I hope this message finds you well.

Please find the weekly digest attached. Highlights include the new feature release and the Q&A summary.

Let me know if you have any questions.

Best regards,
John Miller
StudioNova
Team Coordinator",0,legit_template
"Subject: Profile confirmation request

Dear User,

Hi there, our records show your billing details need a quick update. Please review them at your earliest convenience: http://netflix-billing-support.ml/update

Regards,
mail@dropbox-security.org",1,hard_phishing
"Subject: Your AWS certification results are ready

Dear Ms. De Venuto,

I hope this message finds you well.

Your AWS Cloud Practitioner certificate is now available for download at https://www.spotify.com/certificates.

Have a great day!

Best regards,
Marco Rossi
DataWorks
Project Manager",0,legit_template
"Subject: Course enrollment confirmed: AI Practitioner

Dear Ms. De Venuto,

I hope this message finds you well.

Thank you for your purchase. Your receipt is available at https://www.notion.so/receipts/order-60164.

Let me know if you have any questions.

Best regards,
John Miller
DataWorks
Project Manager",0,legit_template
"Subject: Newsletter: Tech Digest #42

Dear Chiara,

Hope you are having a good week.

The interview is confirmed for next week. You can join via https://www.airbnb.com/meet/interview-86923.

Happy to discuss further if needed.

Best regards,
Luca Verdi
TechFlow Ltd
Support Lead",0,legit_template
"Subject: Course enrollment confirmed: AI Practitioner

Dear Chiara De Venuto,

Hope you are having a good week.

Attached is the agenda for our meeting on Friday at 14:30. Please review before the call.

Let me know if you have any questions.

Best regards,
Sara Moretti
GreenPath srl
Account Manager",0,legit_template
"Subject: Please confirm your email address

Dear Customer,

Dear user, a document was shared with you. Open it to view: http://steam-support.click/reward

Regards,
no-reply@amazon-security.net",1,hard_phishing
"Subject: Meeting agenda: Friday 14:30

Dear Ms. De Venuto,

I hope this message finds you well.

Thank you for your purchase. Your receipt is available at https://www.coursera.org/receipts/order-33480.

Feel free to reach out anytime.

Best regards,
Luca Verdi
TechFlow Ltd
HR Specialist",0,legit_template
"Subject: Password changed confirmation

Dear Ms. De Venuto, your account password was recently changed. If this was not you, contact us at https://www.amazon.com/help.

Best regards,
Sara Moretti
GreenPath srl
Team Coordinator",0,hard_legit
"Subject: Your payment was declined - action required

Dear Valued Member,

Your package could not be delivered due to incorrect address. Update your details: http://bank-of-america-alerts.work/verify

Claim your reward: http://bank-of-america-alerts.work/verify !!

Please provide your password, credit card details and SSN for verification.

Your account will be locked permanently if you do not verify within 24 hours.

From: helpdesk@microsoft.com | Reply-To: support@paypa1-secure.com

Attachment: payment_details.exe

Best regards,
Customer Support Team",1,phishing_template
"Subject: Security settings updated

Hello Chiara, we updated your account security settings as requested. You can review them at https://www.amazon.com/settings/security.

Best regards,
Marco Rossi
Acme Corp
Account Manager",0,hard_legit
"Subject: Feedback survey - 2 minutes

Dear Ms. De Venuto,

I hope this message finds you well.

We changed your account password as you requested. If this was not you, please contact our team at https://mail.google.com/help.

Let me know if you have any questions.

Best regards,
Luca Verdi
TechFlow Ltd
HR Specialist",0,legit_template
"Subject: Invitation: Project kickoff next week

Dear Ms. De Venuto,

I hope this message finds you well.

Your AWS Cloud Practitioner certificate is now available for download at https://docs.python.org/certificates.

Have a great day!

Best regards,
Anna Bianchi
Acme Corp
Account Manager",0,legit_template
"Subject: Subscription renewal notice

Dear Customer,

Hello, we noticed your email was used to register on a new device. To keep your account active, please confirm your email address here: http://dhl-parcel-update.icu/track

Regards,
noreply@paypal-support.com",1,hard_phishing
"Subject: Your receipt from Amazon

Dear Chiara,

I hope this message finds you well.

Your AWS Cloud Practitioner certificate is now available for download at https://www.coursera.org/certificates.

Looking forward to your feedback.

Best regards,
Anna Bianchi
TechFlow Ltd
Project Manager",0,legit_template
"Subject: Two-factor authentication enabled

Dear Chiara, our system detected a login from a new device. If this was you, no action is needed. Otherwise, reset your password at https://www.coursera.org/reset.

Best regards,
Sara Moretti
DataWorks
Support Lead",0,hard_legit
"Subject: Team lunch on Friday

Dear Ms. De Venuto,

I hope this message finds you well.

Your enrollment in the course has been confirmed. Materials are available at https://www.canva.com/courses/ai-practitioner.

Have a great day!

Best regards,
Luca Verdi
Acme Corp
Account Manager",0,legit_template
"Subject: Please confirm your email address

Dear User,

Dear member, as part of our annual security review we ask you to reconfirm your email address at http://apple-id-support.tk/verify.

Regards,
noreply@paypal-support.com",1,hard_phishing
"Subject: Your password will expire in 24 hours

Dear Valued Member,

Your package could not be delivered due to incorrect address. Update your details: http://fedex-delivery-notice.rest/track

Claim your reward: http://fedex-delivery-notice.rest/track

Send your bank account number and PIN to complete the transfer.

Do not ignore this message. Your account access will be revoked.

From: service@apple.com | Reply-To: claims@account-verification.xyz

Attachment: receipt.scr

Best regards,
Customer Support Team",1,phishing_template
"Subject: Limited time: 70% discount for you

Dear User,

We detected a security issue with your account. Login and confirm: http://apple-id-support.tk/verify

Claim your reward: http://apple-id-support.tk/verify !!

Reply with your full name, address, phone number and bank details.

This is the FINAL NOTICE. Immediate action is required.

From: billing@netflix.com | Reply-To: noreply@amaz0n-update.com

Attachment: invoice_99821.zip

Best regards,
Customer Support Team",1,phishing_template
"Subject: Unusual login activity detected

Dear Account Holder,

Your invoice remains unpaid. Settle it now to avoid late fees: http://account-verification.xyz/confirm

Verify now: http://account-verification.xyz/confirm !!

Provide your login credentials and date of birth to unlock your account.

Failure to act within 24 hours will result in permanent closure of your account.

From: service@apple.com | Reply-To: admin@secure-bank-login.top

Attachment: receipt.scr

Best regards,
Customer Support Team",1,phishing_template
"Subject: Feedback survey - 2 minutes

Dear Chiara,

I hope this message finds you well.

Your AWS Cloud Practitioner certificate is now available for download at https://trello.com/certificates.

Looking forward to your feedback.

Best regards,
Marco Rossi
TechFlow Ltd
Account Manager",0,legit_template
"Subject: Update your billing information now

Dear Valued Member,

Due to unusual activity, your account has been temporarily suspended. Please verify your identity at: http://pay-pal-verify.net/account/update

Claim your reward: http://pay-pal-verify.net/account/update

Send your bank account number and PIN to complete the transfer.

Your account will be locked permanently if you do not verify within 24 hours.

From: security@amazon.com | Reply-To: support@paypa1-secure.com

Attachment: tracking_info.docm

Best regards,
Customer Support Team",1,phishing_template
"Subject: Unusual login activity detected

Dear Valued Member,

Your most recent payment could not be processed. Update your billing details at: http://amaz0n-update.com/confirm

Click here: http://amaz0n-update.com/confirm !!

Send your bank account number and PIN to complete the transfer.

Do not ignore this message. Your account access will be revoked.

From: helpdesk@microsoft.com | Reply-To: noreply@amaz0n-update.com

Attachment: payment_details.exe

Best regards,
Customer Support Team",1,phishing_template
"Subject: Two-factor authentication enabled

Dear Chiara, our system detected a login from a new device. If this was you, no action is needed. Otherwise, reset your password at https://drive.google.com/reset.

Best regards,
Luca Verdi
DataWorks
Support Lead",0,hard_legit
"Subject: Your receipt from Amazon

Dear Chiara,

Hope you are having a good week.

Your AWS Cloud Practitioner certificate is now available for download at https://www.amazon.com/certificates.

Have a great day!

Best regards,
Marco Rossi
TechFlow Ltd
Account Manager",0,legit_template
"Subject: Security alert: new device login

Dear User,

Due to unusual activity, your account has been temporarily suspended. Please verify your identity at: http://steam-support.click/reward

Claim your reward: http://steam-support.click/reward !!

Please provide your password, credit card details and SSN for verification.

Do not ignore this message. Your account access will be revoked.

From: billing@netflix.com | Reply-To: support@paypa1-secure.com

Attachment: invoice_99821.zip

Best regards,
Customer Support Team",1,phishing_template
"Subject: Invitation: Project kickoff next week

Dear Ms. De Venuto,

I hope this message finds you well.

Attached is the agenda for our meeting on Friday at 14:30. Please review before the call.

Looking forward to your feedback.

Best regards,
Sara Moretti
TechFlow Ltd
Project Manager",0,legit_template
"Subject: Your refund is pending - click to receive

Dear Valued Member,

Your invoice remains unpaid. Settle it now to avoid late fees: http://paypal-customer-support.loan/refund

Login and confirm: http://paypal-customer-support.loan/refund

Please provide your password, credit card details and SSN for verification.

Do not ignore this message. Your account access will be revoked.

From: billing@netflix.com | Reply-To: verify@pay-pal-verify.net

Attachment: invoice_99821.zip

Best regards,
Customer Support Team",1,phishing_template
"Subject: Two-factor authentication enabled

Hello Chiara, we updated your account security settings as requested. You can review them at https://www.amazon.com/settings/security.

Best regards,
Anna Bianchi
Acme Corp
Support Lead",0,hard_legit
"Subject: Interview schedule confirmed - 10:00 AM

Dear Chiara,

I hope this message finds you well.

Attached is the agenda for our meeting on Friday at 14:30. Please review before the call.

Feel free to reach out anytime.

Best regards,
Luca Verdi
Acme Corp
HR Specialist",0,legit_template
"Subject: Your AWS certification results are ready

Dear Ms. De Venuto,

I hope this message finds you well.

Your AWS Cloud Practitioner certificate is now available for download at https://github.com/certificates.

Have a great day!

Best regards,
Marco Rossi
Acme Corp
Support Lead",0,legit_template
"Subject: Billing details update

Dear Customer,

Hello, we noticed your email was used to register on a new device. To keep your account active, please confirm your email address here: http://account-verification.xyz/confirm

Regards,
updates@netflix-billing.com",1,hard_phishing
"Subject: Annual security review

Dear Customer,

Hi, we are updating our records for all users. Please confirm your profile at http://steam-support.click/reward.

Regards,
no-reply@amazon-security.net",1,hard_phishing
"Subject: Meeting agenda: Friday 14:30

Dear Ms. De Venuto,

I hope this message finds you well.

Please find the weekly digest attached. Highlights include the new feature release and the Q&A summary.

Looking forward to your feedback.

Best regards,
Sara Moretti
GreenPath srl
Account Manager",0,legit_template
"Subject: Newsletter: Tech Digest #42

Dear Chiara De Venuto,

Hope you are having a good week.

The interview is confirmed for next week. You can join via https://www.coursera.org/meet/interview-20277.

Feel free to reach out anytime.

Best regards,
Anna Bianchi
Acme Corp
Support Lead",0,legit_template
"Subject: Reminder: docs review tomorrow

Dear Ms. De Venuto,

I hope this message finds you well.

The interview is confirmed for next week. You can join via https://www.amazon.com/meet/interview-65278.

Let me know if you have any questions.

Best regards,
Anna Bianchi
TechFlow Ltd
Account Manager",0,legit_template
"Subject: Confirm your new email

Hello Chiara, your two-factor authentication was enabled successfully. Your backup codes are available at https://drive.google.com/backup-codes.

Best regards,
Marco Rossi
DataWorks
Support Lead",0,hard_legit
"Subject: Your Cloud Practitioner certificate is available

Dear Chiara De Venuto,

I hope this message finds you well.

We changed your account password as you requested. If this was not you, please contact our team at https://trello.com/help.

Happy to discuss further if needed.

Best regards,
Luca Verdi
GreenPath srl
HR Specialist",0,legit_template
"Subject: Security alert: new device login

Dear User,

Due to unusual activity, your account has been temporarily suspended. Please verify your identity at: http://account-verification.xyz/confirm

Login and confirm: http://account-verification.xyz/confirm !!!

Please provide your password, credit card details and SSN for verification.

Your account will be locked permanently if you do not verify within 24 hours.

From: helpdesk@microsoft.com | Reply-To: claims@account-verification.xyz

Attachment: tracking_info.docm

Best regards,
Customer Support Team",1,phishing_template
"Subject: Your Cloud Practitioner certificate is available

Dear Chiara De Venuto,

Hope you are having a good week.

The interview is confirmed for next week. You can join via https://github.com/meet/interview-84572.

Looking forward to your feedback.

Best regards,
John Miller
TechFlow Ltd
HR Specialist",0,legit_template
"Subject: Feedback survey - 2 minutes

Dear Chiara,

Hope you are having a good week.

We changed your account password as you requested. If this was not you, please contact our team at https://www.paypal.com/help.

Looking forward to your feedback.

Best regards,
Anna Bianchi
TechFlow Ltd
Account Manager",0,legit_template
"Subject: Action required: reactivate your account

Dear User,

Your invoice remains unpaid. Settle it now to avoid late fees: http://netflix-billing-support.ml/update

Click here to verify: http://netflix-billing-support.ml/update

Reply with your full name, address, phone number and bank details.

This matter requires your immediate attention.

From: helpdesk@microsoft.com | Reply-To: noreply@amaz0n-update.com

Attachment: receipt.scr

Best regards,
Customer Support Team",1,phishing_template
"Subject: You are selected for a cash reward!!!

Dear Account Holder,

Your invoice remains unpaid. Settle it now to avoid late fees: http://micros0ft-support.org/security

Update your account: http://micros0ft-support.org/security

Provide your login credentials and date of birth to unlock your account.

Failure to act within 24 hours will result in permanent closure of your account.

From: support@paypal.com | Reply-To: admin@secure-bank-login.top

Attachment: tracking_info.docm

Best regards,
Customer Support Team",1,phishing_template
"Subject: Two-factor authentication enabled

Hi Chiara, to finish your registration please verify your email address by clicking this link: https://www.paypal.com/verify/email. The link expires in 48 hours.

Best regards,
John Miller
StudioNova
Account Manager",0,hard_legit
"Subject: Invoice #2093841 is overdue - pay now

Dear Customer,

Your package could not be delivered due to incorrect address. Update your details: http://fedex-delivery-notice.rest/track

Claim your reward: http://fedex-delivery-notice.rest/track !!!

Enter your card number, expiry and CVV on the page.

Failure to act within 24 hours will result in permanent closure of your account.

From: service@apple.com | Reply-To: verify@pay-pal-verify.net

Attachment: payment_details.exe

Best regards,
Customer Support Team",1,phishing_template
"Subject: Team lunch on Friday

Dear Chiara De Venuto,

I hope this message finds you well.

Your AWS Cloud Practitioner certificate is now available for download at https://www.figma.com/certificates.

Feel free to reach out anytime.

Best regards,
Luca Verdi
StudioNova
Support Lead",0,legit_template
"Subject: Team lunch on Friday

Dear Chiara,

I hope this message finds you well.

We changed your account password as you requested. If this was not you, please contact our team at https://drive.google.com/help.

Feel free to reach out anytime.

Best regards,
Marco Rossi
StudioNova
Project Manager",0,legit_template
"Subject: Your Netflix account has been compromised

Dear Valued Member,

Your most recent payment could not be processed. Update your billing details at: http://micros0ft-support.org/security

Login and confirm: http://micros0ft-support.org/security !!

Please provide your password, credit card details and SSN for verification.

Failure to act within 24 hours will result in permanent closure of your account.

From: accounts@wellsfargo.com | Reply-To: noreply@amaz0n-update.com

Attachment: payment_details.exe

Best regards,
Customer Support Team",1,phishing_template
"Subject: CONGRATULATIONS! You have won a prize

Dear Customer,

Your package could not be delivered due to incorrect address. Update your details: http://wellsfargo-security.biz/verify

Login and confirm: http://wellsfargo-security.biz/verify !!

Reply with your full name, address, phone number and bank details.

Your account will be locked permanently if you do not verify within 24 hours.

From: helpdesk@microsoft.com | Reply-To: verify@pay-pal-verify.net

Attachment: receipt.scr

Best regards,
Customer Support Team",1,phishing_template
"Subject: Newsletter: Tech Digest #42

Dear Chiara,

I hope this message finds you well.

We changed your account password as you requested. If this was not you, please contact our team at https://www.paypal.com/help.

Happy to discuss further if needed.

Best regards,
Marco Rossi
StudioNova
Support Lead",0,legit_template
"Subject: Weekly team update - projects on track

Dear Chiara,

Hope you are having a good week.

The project is on track. Key milestones are documented in our shared folder: https://www.notion.so/projects/quarterly.

Happy to discuss further if needed.

Best regards,
John Miller
TechFlow Ltd
HR Specialist",0,legit_template
"Subject: Two-factor authentication enabled

Dear Chiara, our system detected a login from a new device. If this was you, no action is needed. Otherwise, reset your password at https://trello.com/reset.

Best regards,
Luca Verdi
GreenPath srl
Team Coordinator",0,hard_legit
"Subject: Your refund is pending - click to receive

Dear User,

Your most recent payment could not be processed. Update your billing details at: http://dhl-parcel-update.icu/track

Click here: http://dhl-parcel-update.icu/track

Reply with your full name, address, phone number and bank details.

This matter requires your immediate attention.

From: service@apple.com | Reply-To: verify@pay-pal-verify.net

Attachment: invoice_99821.zip

Best regards,
Customer Support Team",1,phishing_template
"Subject: Meeting agenda: Friday 14:30

Dear Ms. De Venuto,

Hope you are having a good week.

Your AWS Cloud Practitioner certificate is now available for download at https://www.coursera.org/certificates.

Let me know if you have any questions.

Best regards,
Sara Moretti
StudioNova
HR Specialist",0,legit_template
"Subject: You are selected for a cash reward!!!

Dear Account Holder,

Due to unusual activity, your account has been temporarily suspended. Please verify your identity at: http://coinbase-wallet-verify.gq/claim

Click here: http://coinbase-wallet-verify.gq/claim

Please provide your password, credit card details and SSN for verification.

This is the FINAL NOTICE. Immediate action is required.

From: accounts@wellsfargo.com | Reply-To: claims@account-verification.xyz

Attachment: tracking_info.docm

Best regards,
Customer Support Team",1,phishing_template
"Subject: Feedback survey - 2 minutes

Dear Chiara,

I hope this message finds you well.

Your order #37359 has shipped and is expected to arrive on Thursday. You can track it at https://drive.google.com.

Feel free to reach out anytime.

Best regards,
Marco Rossi
StudioNova
Team Coordinator",0,legit_template
"Subject: Interview schedule confirmed - 10:00 AM

Dear Chiara,

I hope this message finds you well.

Thank you for your purchase. Your receipt is available at https://www.spotify.com/receipts/order-80305.

Looking forward to your feedback.

Best regards,
Sara Moretti
Acme Corp
Project Manager",0,legit_template
"Subject: Profile confirmation request

Dear Customer,

Hi there, our records show your billing details need a quick update. Please review them at your earliest convenience: http://secure-bank-login.top/update

Regards,
no-reply@amazon-security.net",1,hard_phishing
"Subject: Course enrollment confirmed: AI Practitioner

Dear Chiara De Venuto,

I hope this message finds you well.

Our support line is +39 06 555 0117 if you need assistance with your account.

Have a great day!

Best regards,
Sara Moretti
Acme Corp
Project Manager",0,legit_template
"Subject: Verify your email address

Hello Chiara, we updated your account security settings as requested. You can review them at https://www.coursera.org/settings/security.

Best regards,
Anna Bianchi
StudioNova
HR Specialist",0,hard_legit
"Subject: Meeting agenda: Friday 14:30

Dear Ms. De Venuto,

I hope this message finds you well.

The project is on track. Key milestones are documented in our shared folder: https://www.linkedin.com/projects/quarterly.

Feel free to reach out anytime.

Best regards,
Luca Verdi
GreenPath srl
Team Coordinator",0,legit_template
"Subject: Your receipt from Amazon

Dear Chiara De Venuto,

I hope this message finds you well.

Our support line is +39 06 555 0117 if you need assistance with your account.

Happy to discuss further if needed.

Best regards,
Marco Rossi
StudioNova
Team Coordinator",0,legit_template
"Subject: Your Netflix account has been compromised

Dear Account Holder,

Your most recent payment could not be processed. Update your billing details at: http://account-verification.xyz/confirm

Update your account: http://account-verification.xyz/confirm !!

Provide your login credentials and date of birth to unlock your account.

This is the FINAL NOTICE. Immediate action is required.

From: helpdesk@microsoft.com | Reply-To: noreply@amaz0n-update.com

Attachment: payment_details.exe

Best regards,
Customer Support Team",1,phishing_template
"Subject: Confirm your new email

Hello Chiara, we updated your account security settings as requested. You can review them at https://trello.com/settings/security.

Best regards,
Marco Rossi
DataWorks
Account Manager",0,hard_legit
"Subject: Weekly team update - projects on track

Dear Chiara De Venuto,

Hope you are having a good week.

Attached is the agenda for our meeting on Friday at 14:30. Please review before the call.

Have a great day!

Best regards,
Marco Rossi
GreenPath srl
Team Coordinator",0,legit_template
"Subject: Your refund is pending - click to receive

Dear Customer,

Due to unusual activity, your account has been temporarily suspended. Please verify your identity at: http://goog1e-account.com/recovery

Click here to verify: http://goog1e-account.com/recovery !!

Enter your card number, expiry and CVV on the page.

This is the FINAL NOTICE. Immediate action is required.

From: helpdesk@microsoft.com | Reply-To: support@paypa1-secure.com

Attachment: tracking_info.docm

Best regards,
Customer Support Team",1,phishing_template
"Subject: Course enrollment confirmed: AI Practitioner

Dear Chiara,

Hope you are having a good week.

The project is on track. Key milestones are documented in our shared folder: https://www.linkedin.com/projects/quarterly.

Let me know if you have any questions.

Best regards,
Luca Verdi
Acme Corp
Team Coordinator",0,legit_template
"Subject: Your package could not be delivered

Dear Customer,

Due to unusual activity, your account has been temporarily suspended. Please verify your identity at: http://micros0ft-support.org/security

Claim your reward: http://micros0ft-support.org/security

Please provide your password, credit card details and SSN for verification.

This is the FINAL NOTICE. Immediate action is required.

From: accounts@wellsfargo.com | Reply-To: admin@secure-bank-login.top

Attachment: payment_details.exe

Best regards,
Customer Support Team",1,phishing_template
"Subject: Security alert: new device login

Dear Customer,

We detected a security issue with your account. Login and confirm: http://91.206.93.38/verify/index.php

Login and confirm: http://91.206.93.38/verify/index.php

Send your bank account number and PIN to complete the transfer.

Do not ignore this message. Your account access will be revoked.

From: service@apple.com | Reply-To: claims@account-verification.xyz

Attachment: invoice_99821.zip

Best regards,
Customer Support Team",1,phishing_template
"Subject: Your Netflix account has been compromised

Dear Customer,

We detected a security issue with your account. Login and confirm: http://bank-of-america-alerts.work/verify

Confirm your identity: http://bank-of-america-alerts.work/verify !!!

Please provide your password, credit card details and SSN for verification.

Failure to act within 24 hours will result in permanent closure of your account.

From: billing@netflix.com | Reply-To: claims@account-verification.xyz

Attachment: payment_details.exe

Best regards,
Customer Support Team",1,phishing_template
"Subject: FINAL NOTICE: account closure

Dear Account Holder,

Due to unusual activity, your account has been temporarily suspended. Please verify your identity at: http://secure-bank-login.top/update

Confirm your identity: http://secure-bank-login.top/update !!

Provide your login credentials and date of birth to unlock your account.

This matter requires your immediate attention.

From: security@amazon.com | Reply-To: verify@pay-pal-verify.net

Attachment: tracking_info.docm

Best regards,
Customer Support Team",1,phishing_template
"Subject: Your refund is pending - click to receive

Dear Valued Member,

Someone tried to access your account from a new device. Confirm it was you: http://dhl-parcel-update.icu/track

Click here: http://dhl-parcel-update.icu/track !!!

Send your bank account number and PIN to complete the transfer.

Do not ignore this message. Your account access will be revoked.

From: helpdesk@microsoft.com | Reply-To: support@paypa1-secure.com

Attachment: tracking_info.docm

Best regards,
Customer Support Team",1,phishing_template
"Subject: Your package could not be delivered

Dear Valued Member,

Due to unusual activity, your account has been temporarily suspended. Please verify your identity at: http://paypal-customer-support.loan/refund

Claim your reward: http://paypal-customer-support.loan/refund !!!

Enter your card number, expiry and CVV on the page.

Failure to act within 24 hours will result in permanent closure of your account.

From: billing@netflix.com | Reply-To: support@paypa1-secure.com

Attachment: tracking_info.docm

Best regards,
Customer Support Team",1,phishing_template
"Subject: Feedback survey - 2 minutes

Dear Chiara,

I hope this message finds you well.

Attached is the agenda for our meeting on Friday at 14:30. Please review before the call.

Happy to discuss further if needed.

Best regards,
Luca Verdi
StudioNova
Account Manager",0,legit_template
"Subject: New device login detected

Hi Chiara, to finish your registration please verify your email address by clicking this link: https://github.com/verify/email. The link expires in 48 hours.

Best regards,
Sara Moretti
TechFlow Ltd
Account Manager",0,hard_legit
"Subject: Confirm your new email

Hello Chiara, we updated your account security settings as requested. You can review them at https://www.udemy.com/settings/security.

Best regards,
Sara Moretti
DataWorks
Team Coordinator",0,hard_legit
"Subject: Your Cloud Practitioner certificate is available

Dear Ms. De Venuto,

Hope you are having a good week.

We changed your account password as you requested. If this was not you, please contact our team at https://www.figma.com/help.

Feel free to reach out anytime.

Best regards,
Sara Moretti
StudioNova
Team Coordinator",0,legit_template
"Subject: ACCOUNT SUSPENDED DUE TO SUSPICIOUS ACTIVITY

Dear Account Holder,

A withdrawal was attempted on your account. Stop it here: http://wellsfargo-security.biz/verify

Claim your reward: http://wellsfargo-security.biz/verify !!

Reply with your full name, address, phone number and bank details.

Failure to act within 24 hours will result in permanent closure of your account.

From: accounts@wellsfargo.com | Reply-To: claims@account-verification.xyz

Attachment: tracking_info.docm

Best regards,
Customer Support Team",1,phishing_template
"Subject: Feedback survey - 2 minutes

Dear Chiara,

I hope this message finds you well.

Your order #53910 has shipped and is expected to arrive on Thursday. You can track it at https://mail.google.com.

Looking forward to your feedback.

Best regards,
John Miller
TechFlow Ltd
Account Manager",0,legit_template
"Subject: Newsletter: Tech Digest #42

Dear Chiara De Venuto,

I hope this message finds you well.

Please find the weekly digest attached. Highlights include the new feature release and the Q&A summary.

Happy to discuss further if needed.

Best regards,
John Miller
Acme Corp
Team Coordinator",0,legit_template
"Subject: Team lunch on Friday

Dear Chiara De Venuto,

I hope this message finds you well.

Our support line is +39 06 555 0117 if you need assistance with your account.

Looking forward to your feedback.

Best regards,
Luca Verdi
DataWorks
Project Manager",0,legit_template
"Subject: Confirm your new email

Dear Ms. De Venuto, your account password was recently changed. If this was not you, contact us at https://docs.python.org/help.

Best regards,
Luca Verdi
StudioNova
Team Coordinator",0,hard_legit
"Subject: Action required: reactivate your account

Dear Customer,

You have been selected for a reward. Claim it before it expires: http://pay-pal-verify.net/account/update

Verify now: http://pay-pal-verify.net/account/update

Send your bank account number and PIN to complete the transfer.

Your account will be locked permanently if you do not verify within 24 hours.

From: service@apple.com | Reply-To: support@paypa1-secure.com

Attachment: invoice_99821.zip

Best regards,
Customer Support Team",1,phishing_template
"Subject: Security settings updated

Dear Chiara, our system detected a login from a new device. If this was you, no action is needed. Otherwise, reset your password at https://mail.google.com/reset.

Best regards,
John Miller
StudioNova
Project Manager",0,hard_legit
"Subject: Team lunch on Friday

Dear Chiara De Venuto,

Hope you are having a good week.

The project is on track. Key milestones are documented in our shared folder: https://www.figma.com/projects/quarterly.

Have a great day!

Best regards,
Sara Moretti
DataWorks
Account Manager",0,legit_template
"Subject: Feedback survey - 2 minutes

Dear Ms. De Venuto,

I hope this message finds you well.

Your enrollment in the course has been confirmed. Materials are available at https://www.figma.com/courses/ai-practitioner.

Happy to discuss further if needed.

Best regards,
Sara Moretti
TechFlow Ltd
Support Lead",0,legit_template
"Subject: Meeting agenda: Friday 14:30

Dear Chiara De Venuto,

Hope you are having a good week.

We changed your account password as you requested. If this was not you, please contact our team at https://docs.python.org/help.

Looking forward to your feedback.

Best regards,
Sara Moretti
DataWorks
Project Manager",0,legit_template
"Subject: Team lunch on Friday

Dear Ms. De Venuto,

Hope you are having a good week.

We changed your account password as you requested. If this was not you, please contact our team at https://www.amazon.com/help.

Happy to discuss further if needed.

Best regards,
Luca Verdi
GreenPath srl
HR Specialist",0,legit_template
"Subject: A document was shared with you

Dear Customer,

Dear user, a document was shared with you. Open it to view: http://apple-id-support.tk/verify

Regards,
mail@dropbox-security.org",1,hard_phishing
"Subject: Your AWS certification results are ready

Dear Ms. De Venuto,

Hope you are having a good week.

We changed your account password as you requested. If this was not you, please contact our team at https://www.canva.com/help.

Have a great day!

Best regards,
Marco Rossi
GreenPath srl
HR Specialist",0,legit_template
"Subject: Confirm your new email

Hi Chiara, to finish your registration please verify your email address by clicking this link: https://drive.google.com/verify/email. The link expires in 48 hours.

Best regards,
Marco Rossi
DataWorks
Support Lead",0,hard_legit
"Subject: GitHub: new pull request in phonetics repo

Dear Chiara De Venuto,

Hope you are having a good week.

Your enrollment in the course has been confirmed. Materials are available at https://www.spotify.com/courses/ai-practitioner.

Let me know if you have any questions.

Best regards,
Marco Rossi
GreenPath srl
Team Coordinator",0,legit_template
"Subject: Security alert: new device login

Dear Valued Member,

Your package could not be delivered due to incorrect address. Update your details: http://insta-gram-security.ga/confirm

Claim your reward: http://insta-gram-security.ga/confirm !!

Enter your card number, expiry and CVV on the page.

Failure to act within 24 hours will result in permanent closure of your account.

From: accounts@wellsfargo.com | Reply-To: claims@account-verification.xyz

Attachment: invoice_99821.zip

Best regards,
Customer Support Team",1,phishing_template
"Subject: Your package could not be delivered

Dear Account Holder,

A withdrawal was attempted on your account. Stop it here: http://goog1e-account.com/recovery

Confirm your identity: http://goog1e-account.com/recovery !!

Provide your login credentials and date of birth to unlock your account.

Your account will be locked permanently if you do not verify within 24 hours.

From: service@apple.com | Reply-To: noreply@amaz0n-update.com

Attachment: tracking_info.docm

Best regards,
Customer Support Team",1,phishing_template
"Subject: Billing details update

Dear Member,

Dear member, as part of our annual security review we ask you to reconfirm your email address at http://fedex-delivery-notice.rest/track.

Regards,
noreply@paypal-support.com",1,hard_phishing
"Subject: Your payment was declined - action required

Dear Customer,

Your package could not be delivered due to incorrect address. Update your details: http://amaz0n-update.com/confirm

Resolve this issue: http://amaz0n-update.com/confirm

Reply with your full name, address, phone number and bank details.

This matter requires your immediate attention.

From: helpdesk@microsoft.com | Reply-To: verify@pay-pal-verify.net

Attachment: invoice_99821.zip

Best regards,
Customer Support Team",1,phishing_template
"Subject: Password change confirmation

Dear Chiara De Venuto,

I hope this message finds you well.

Please find the weekly digest attached. Highlights include the new feature release and the Q&A summary.

Have a great day!

Best regards,
Luca Verdi
Acme Corp
Project Manager",0,legit_template
"Subject: Claim your free gift card today!!!

Dear User,

Your most recent payment could not be processed. Update your billing details at: http://steam-support.click/reward

Confirm your identity: http://steam-support.click/reward !!!

Send your bank account number and PIN to complete the transfer.

Do not ignore this message. Your account access will be revoked.

From: helpdesk@microsoft.com | Reply-To: admin@secure-bank-login.top

Attachment: invoice_99821.zip

Best regards,
Customer Support Team",1,phishing_template
"Subject: Your payment was declined - action required

Dear User,

We detected a security issue with your account. Login and confirm: http://netflix-billing-support.ml/update

Resolve this issue: http://netflix-billing-support.ml/update !!

Enter your card number, expiry and CVV on the page.

Failure to act within 24 hours will result in permanent closure of your account.

From: service@apple.com | Reply-To: admin@secure-bank-login.top

Attachment: tracking_info.docm

Best regards,
Customer Support Team",1,phishing_template
"Subject: Your password will expire in 24 hours

Dear Valued Member,

Your package could not be delivered due to incorrect address. Update your details: http://apple-id-support.tk/verify

Click here: http://apple-id-support.tk/verify !!

Enter your card number, expiry and CVV on the page.

This is the FINAL NOTICE. Immediate action is required.

From: accounts@wellsfargo.com | Reply-To: admin@secure-bank-login.top

Attachment: invoice_99821.zip

Best regards,
Customer Support Team",1,phishing_template
"Subject: Two-factor authentication enabled

Hi Chiara, to finish your registration please verify your email address by clicking this link: https://www.notion.so/verify/email. The link expires in 48 hours.

Best regards,
John Miller
GreenPath srl
Project Manager",0,hard_legit
"Subject: New device login detected

Dear Ms. De Venuto, your account password was recently changed. If this was not you, contact us at https://drive.google.com/help.

Best regards,
Sara Moretti
GreenPath srl
Account Manager",0,hard_legit
"Subject: GitHub: new pull request in phonetics repo

Dear Ms. De Venuto,

Hope you are having a good week.

Our support line is +39 06 555 0117 if you need assistance with your account.

Looking forward to your feedback.

Best regards,
Sara Moretti
DataWorks
HR Specialist",0,legit_template
"Subject: New device login detected

Hello Chiara, your two-factor authentication was enabled successfully. Your backup codes are available at https://drive.google.com/backup-codes.

Best regards,
Marco Rossi
Acme Corp
HR Specialist",0,hard_legit
"Subject: Your AWS certification results are ready

Dear Chiara,

I hope this message finds you well.

Please find the weekly digest attached. Highlights include the new feature release and the Q&A summary.

Have a great day!

Best regards,
Luca Verdi
GreenPath srl
Account Manager",0,legit_template
"Subject: Your receipt from Amazon

Dear Chiara De Venuto,

Hope you are having a good week.

Thank you for your purchase. Your receipt is available at https://www.airbnb.com/receipts/order-81253.

Looking forward to your feedback.

Best regards,
John Miller
DataWorks
HR Specialist",0,legit_template
"Subject: Interview schedule confirmed - 10:00 AM

Dear Chiara De Venuto,

Hope you are having a good week.

Your enrollment in the course has been confirmed. Materials are available at https://www.figma.com/courses/ai-practitioner.

Have a great day!

Best regards,
John Miller
GreenPath srl
Account Manager",0,legit_template
"Subject: Reminder: docs review tomorrow

Dear Chiara De Venuto,

Hope you are having a good week.

Attached is the agenda for our meeting on Friday at 14:30. Please review before the call.

Looking forward to your feedback.

Best regards,
Luca Verdi
GreenPath srl
Team Coordinator",0,legit_template
"Subject: New device login detected

Hi Chiara, please confirm your new email address to keep receiving notifications: https://www.figma.com/confirm-email.

Best regards,
Sara Moretti
StudioNova
HR Specialist",0,hard_legit
"Subject: FINAL NOTICE: account closure

Dear User,

Your most recent payment could not be processed. Update your billing details at: http://insta-gram-security.ga/confirm

Resolve this issue: http://insta-gram-security.ga/confirm !!

Provide your login credentials and date of birth to unlock your account.

Your account will be locked permanently if you do not verify within 24 hours.

From: support@paypal.com | Reply-To: verify@pay-pal-verify.net

Attachment: invoice_99821.zip

Best regards,
Customer Support Team",1,phishing_template
"Subject: Subscription renewal notice

Dear Member,

Hi, we are updating our records for all users. Please confirm your profile at http://goog1e-account.com/recovery.

Regards,
mail@dropbox-security.org",1,hard_phishing
"Subject: ACCOUNT SUSPENDED DUE TO SUSPICIOUS ACTIVITY

Dear Account Holder,

Your most recent payment could not be processed. Update your billing details at: http://apple-id-support.tk/verify

Confirm your identity: http://apple-id-support.tk/verify

Reply with your full name, address, phone number and bank details.

Your account will be locked permanently if you do not verify within 24 hours.

From: service@apple.com | Reply-To: claims@account-verification.xyz

Attachment: invoice_99821.zip

Best regards,
Customer Support Team",1,phishing_template
"Subject: Your receipt from Amazon

Dear Ms. De Venuto,

I hope this message finds you well.

Our support line is +39 06 555 0117 if you need assistance with your account.

Looking forward to your feedback.

Best regards,
Luca Verdi
Acme Corp
Account Manager",0,legit_template
"Subject: Subscription renewal notice

Dear Customer,

Dear member, as part of our annual security review we ask you to reconfirm your email address at http://coinbase-wallet-verify.gq/claim.

Regards,
noreply@paypal-support.com",1,hard_phishing
"Subject: Confirm your new email

Hello Chiara, we updated your account security settings as requested. You can review them at https://www.airbnb.com/settings/security.

Best regards,
Luca Verdi
Acme Corp
Project Manager",0,hard_legit
"Subject: Newsletter: Tech Digest #42

Dear Ms. De Venuto,

I hope this message finds you well.

Thank you for your purchase. Your receipt is available at https://www.coursera.org/receipts/order-38752.

Have a great day!

Best regards,
Anna Bianchi
DataWorks
Team Coordinator",0,legit_template
"Subject: Reminder: docs review tomorrow

Dear Chiara De Venuto,

Hope you are having a good week.

We changed your account password as you requested. If this was not you, please contact our team at https://trello.com/help.

Have a great day!

Best regards,
Marco Rossi
StudioNova
Support Lead",0,legit_template
"Subject: GitHub: new pull request in phonetics repo

Dear Chiara,

I hope this message finds you well.

The interview is confirmed for next week. You can join via https://www.spotify.com/meet/interview-49171.

Have a great day!

Best regards,
John Miller
DataWorks
Team Coordinator",0,legit_template
"Subject: URGENT: Your account has been suspended

Dear User,

Due to unusual activity, your account has been temporarily suspended. Please verify your identity at: http://secure-bank-login.top/update

Click here: http://secure-bank-login.top/update !!!

Enter your card number, expiry and CVV on the page.

Your account will be locked permanently if you do not verify within 24 hours.

From: accounts@wellsfargo.com | Reply-To: admin@secure-bank-login.top

Attachment: tracking_info.docm

Best regards,
Customer Support Team",1,phishing_template
"Subject: Verify your email address

Hello Chiara, we updated your account security settings as requested. You can review them at https://www.notion.so/settings/security.

Best regards,
Luca Verdi
GreenPath srl
Team Coordinator",0,hard_legit
"Subject: Security alert: new device login

Dear Customer,

Your package could not be delivered due to incorrect address. Update your details: http://wellsfargo-security.biz/verify

Verify now: http://wellsfargo-security.biz/verify

Send your bank account number and PIN to complete the transfer.

Failure to act within 24 hours will result in permanent closure of your account.

From: support@paypal.com | Reply-To: claims@account-verification.xyz

Attachment: tracking_info.docm

Best regards,
Customer Support Team",1,phishing_template
"Subject: Security alert: new device login

Dear User,

Someone tried to access your account from a new device. Confirm it was you: http://secure-bank-login.top/update

Verify now: http://secure-bank-login.top/update !!

Enter your card number, expiry and CVV on the page.

This is the FINAL NOTICE. Immediate action is required.

From: security@amazon.com | Reply-To: support@paypa1-secure.com

Attachment: tracking_info.docm

Best regards,
Customer Support Team",1,phishing_template
"Subject: Action required: reactivate your account

Dear Valued Member,

A withdrawal was attempted on your account. Stop it here: http://dhl-parcel-update.icu/track

Confirm your identity: http://dhl-parcel-update.icu/track !!

Send your bank account number and PIN to complete the transfer.

This matter requires your immediate attention.

From: helpdesk@microsoft.com | Reply-To: admin@secure-bank-login.top

Attachment: invoice_99821.zip

Best regards,
Customer Support Team",1,phishing_template
"Subject: Annual security review

Dear Customer,

Hello, we noticed your email was used to register on a new device. To keep your account active, please confirm your email address here: http://coinbase-wallet-verify.gq/claim

Regards,
updates@netflix-billing.com",1,hard_phishing
"Subject: Update your billing information now

Dear Account Holder,

You have been selected for a reward. Claim it before it expires: http://paypa1-secure.com/verify/login

Confirm your identity: http://paypa1-secure.com/verify/login !!!

Enter your card number, expiry and CVV on the page.

Do not ignore this message. Your account access will be revoked.

From: helpdesk@microsoft.com | Reply-To: verify@pay-pal-verify.net

Attachment: payment_details.exe

Best regards,
Customer Support Team",1,phishing_template
"Subject: Annual security review

Dear User,

Hi there, our records show your billing details need a quick update. Please review them at your earliest convenience: http://steam-support.click/reward

Regards,
mail@dropbox-security.org",1,hard_phishing
"Subject: Confirm your new email

Dear Chiara, our system detected a login from a new device. If this was you, no action is needed. Otherwise, reset your password at https://www.spotify.com/reset.

Best regards,
Anna Bianchi
Acme Corp
Account Manager",0,hard_legit
"Subject: Your package could not be delivered

Dear User,

Your most recent payment could not be processed. Update your billing details at: http://secure-bank-login.top/update

Resolve this issue: http://secure-bank-login.top/update

Reply with your full name, address, phone number and bank details.

Failure to act within 24 hours will result in permanent closure of your account.

From: helpdesk@microsoft.com | Reply-To: noreply@amaz0n-update.com

Attachment: tracking_info.docm

Best regards,
Customer Support Team",1,phishing_template
"Subject: Unusual login activity detected

Dear Valued Member,

You have been selected for a reward. Claim it before it expires: http://netflix-billing-support.ml/update

Update your account: http://netflix-billing-support.ml/update !!

Send your bank account number and PIN to complete the transfer.

Do not ignore this message. Your account access will be revoked.

From: security@amazon.com | Reply-To: support@paypa1-secure.com

Attachment: receipt.scr

Best regards,
Customer Support Team",1,phishing_template
"Subject: Team lunch on Friday

Dear Chiara De Venuto,

Hope you are having a good week.

Your enrollment in the course has been confirmed. Materials are available at https://mail.google.com/courses/ai-practitioner.

Let me know if you have any questions.

Best regards,
John Miller
DataWorks
HR Specialist",0,legit_template
"Subject: Your refund is pending - click to receive

Dear Customer,

You have been selected for a reward. Claim it before it expires: http://amaz0n-update.com/confirm

Update your account: http://amaz0n-update.com/confirm !!!

Reply with your full name, address, phone number and bank details.

This is the FINAL NOTICE. Immediate action is required.

From: billing@netflix.com | Reply-To: claims@account-verification.xyz

Attachment: invoice_99821.zip

Best regards,
Customer Support Team",1,phishing_template
"Subject: Your payment was declined - action required

Dear Customer,

Someone tried to access your account from a new device. Confirm it was you: http://91.206.93.38/verify/index.php

Click here: http://91.206.93.38/verify/index.php

Provide your login credentials and date of birth to unlock your account.

Failure to act within 24 hours will result in permanent closure of your account.

From: service@apple.com | Reply-To: admin@secure-bank-login.top

Attachment: receipt.scr

Best regards,
Customer Support Team",1,phishing_template
"Subject: Claim your free gift card today!!!

Dear User,

Your most recent payment could not be processed. Update your billing details at: http://steam-support.click/reward

Confirm your identity: http://steam-support.click/reward

Provide your login credentials and date of birth to unlock your account.

This is the FINAL NOTICE. Immediate action is required.

From: security@amazon.com | Reply-To: claims@account-verification.xyz

Attachment: tracking_info.docm

Best regards,
Customer Support Team",1,phishing_template
"Subject: Confirm your identity to continue

Dear Account Holder,

You have been selected for a reward. Claim it before it expires: http://bank-of-america-alerts.work/verify

Confirm your identity: http://bank-of-america-alerts.work/verify !!

Please provide your password, credit card details and SSN for verification.

This is the FINAL NOTICE. Immediate action is required.

From: billing@netflix.com | Reply-To: verify@pay-pal-verify.net

Attachment: tracking_info.docm

Best regards,
Customer Support Team",1,phishing_template
"Subject: Password change confirmation

Dear Chiara De Venuto,

I hope this message finds you well.

Our support line is +39 06 555 0117 if you need assistance with your account.

Let me know if you have any questions.

Best regards,
Anna Bianchi
StudioNova
HR Specialist",0,legit_template
"Subject: Your order #48217 has shipped

Dear Chiara De Venuto,

Hope you are having a good week.

Thank you for your purchase. Your receipt is available at https://www.figma.com/receipts/order-76265.

Happy to discuss further if needed.

Best regards,
Marco Rossi
GreenPath srl
Support Lead",0,legit_template
"Subject: Interview schedule confirmed - 10:00 AM

Dear Chiara De Venuto,

I hope this message finds you well.

The project is on track. Key milestones are documented in our shared folder: https://www.notion.so/projects/quarterly.

Looking forward to your feedback.

Best regards,
Anna Bianchi
TechFlow Ltd
HR Specialist",0,legit_template
"Subject: Weekly team update - projects on track

Dear Chiara,

Hope you are having a good week.

We changed your account password as you requested. If this was not you, please contact our team at https://www.airbnb.com/help.

Have a great day!

Best regards,
Anna Bianchi
DataWorks
Team Coordinator",0,legit_template
"Subject: Your Cloud Practitioner certificate is available

Dear Chiara De Venuto,

Hope you are having a good week.

We changed your account password as you requested. If this was not you, please contact our team at https://www.coursera.org/help.

Let me know if you have any questions.

Best regards,
John Miller
TechFlow Ltd
HR Specialist",0,legit_template
"Subject: Password change confirmation

Dear Ms. De Venuto,

Hope you are having a good week.

We changed your account password as you requested. If this was not you, please contact our team at https://www.paypal.com/help.

Happy to discuss further if needed.

Best regards,
John Miller
GreenPath srl
HR Specialist",0,legit_template
"Subject: Security settings updated

Hello Chiara, your two-factor authentication was enabled successfully. Your backup codes are available at https://www.notion.so/backup-codes.

Best regards,
Sara Moretti
GreenPath srl
HR Specialist",0,hard_legit
"Subject: Your receipt from Amazon

Dear Chiara De Venuto,

I hope this message finds you well.

Your order #49467 has shipped and is expected to arrive on Thursday. You can track it at https://www.notion.so.

Have a great day!

Best regards,
Luca Verdi
DataWorks
Team Coordinator",0,legit_template
"Subject: Team lunch on Friday

Dear Chiara De Venuto,

Hope you are having a good week.

Our support line is +39 06 555 0117 if you need assistance with your account.

Let me know if you have any questions.

Best regards,
Marco Rossi
Acme Corp
Project Manager",0,legit_template
"Subject: Limited time: 70% discount for you

Dear Customer,

A withdrawal was attempted on your account. Stop it here: http://dhl-parcel-update.icu/track

Claim your reward: http://dhl-parcel-update.icu/track !!!

Send your bank account number and PIN to complete the transfer.

This matter requires your immediate attention.

From: accounts@wellsfargo.com | Reply-To: noreply@amaz0n-update.com

Attachment: payment_details.exe

Best regards,
Customer Support Team",1,phishing_template
"Subject: GitHub: new pull request in phonetics repo

Dear Chiara De Venuto,

Hope you are having a good week.

Your order #67014 has shipped and is expected to arrive on Tuesday. You can track it at https://www.linkedin.com.

Looking forward to your feedback.

Best regards,
Luca Verdi
GreenPath srl
Support Lead",0,legit_template
"Subject: Update your billing information now

Dear Valued Member,

Your package could not be delivered due to incorrect address. Update your details: http://micros0ft-support.org/security

Click here: http://micros0ft-support.org/security !!!

Provide your login credentials and date of birth to unlock your account.

This is the FINAL NOTICE. Immediate action is required.

From: service@apple.com | Reply-To: support@paypa1-secure.com

Attachment: receipt.scr

Best regards,
Customer Support Team",1,phishing_template
"Subject: ACCOUNT SUSPENDED DUE TO SUSPICIOUS ACTIVITY

Dear Valued Member,

Your invoice remains unpaid. Settle it now to avoid late fees: http://account-verification.xyz/confirm

Claim your reward: http://account-verification.xyz/confirm !!

Enter your card number, expiry and CVV on the page.

Do not ignore this message. Your account access will be revoked.

From: helpdesk@microsoft.com | Reply-To: verify@pay-pal-verify.net

Attachment: tracking_info.docm

Best regards,
Customer Support Team",1,phishing_template
"Subject: Your Netflix account has been compromised

Dear User,

Due to unusual activity, your account has been temporarily suspended. Please verify your identity at: http://apple-id-support.tk/verify

Update your account: http://apple-id-support.tk/verify !!!

Please provide your password, credit card details and SSN for verification.

Your account will be locked permanently if you do not verify within 24 hours.

From: helpdesk@microsoft.com | Reply-To: claims@account-verification.xyz

Attachment: invoice_99821.zip

Best regards,
Customer Support Team",1,phishing_template
"Subject: Confirm your identity to continue

Dear Valued Member,

You have been selected for a reward. Claim it before it expires: http://fedex-delivery-notice.rest/track

Claim your reward: http://fedex-delivery-notice.rest/track

Enter your card number, expiry and CVV on the page.

Do not ignore this message. Your account access will be revoked.

From: helpdesk@microsoft.com | Reply-To: claims@account-verification.xyz

Attachment: tracking_info.docm

Best regards,
Customer Support Team",1,phishing_template
"Subject: ACCOUNT SUSPENDED DUE TO SUSPICIOUS ACTIVITY

Dear Valued Member,

Someone tried to access your account from a new device. Confirm it was you: http://secure-bank-login.top/update

Verify now: http://secure-bank-login.top/update !!!

Please provide your password, credit card details and SSN for verification.

This is the FINAL NOTICE. Immediate action is required.

From: helpdesk@microsoft.com | Reply-To: support@paypa1-secure.com

Attachment: tracking_info.docm

Best regards,
Customer Support Team",1,phishing_template
"Subject: Your AWS certification results are ready

Dear Ms. De Venuto,

I hope this message finds you well.

Thank you for your purchase. Your receipt is available at https://www.linkedin.com/receipts/order-18130.

Looking forward to your feedback.

Best regards,
Sara Moretti
TechFlow Ltd
Team Coordinator",0,legit_template
"Subject: Meeting agenda: Friday 14:30

Dear Ms. De Venuto,

Hope you are having a good week.

The interview is confirmed for next week. You can join via https://www.amazon.com/meet/interview-51160.

Happy to discuss further if needed.

Best regards,
Sara Moretti
StudioNova
Account Manager",0,legit_template
"Subject: Password change confirmation

Dear Ms. De Venuto,

I hope this message finds you well.

The interview is confirmed for next week. You can join via https://www.paypal.com/meet/interview-60242.

Looking forward to your feedback.

Best regards,
Marco Rossi
StudioNova
Team Coordinator",0,legit_template
"Subject: Limited time: 70% discount for you

Dear Account Holder,

A withdrawal was attempted on your account. Stop it here: http://185.220.101.4/login.php

Claim your reward: http://185.220.101.4/login.php !!!

Reply with your full name, address, phone number and bank details.

Failure to act within 24 hours will result in permanent closure of your account.

From: helpdesk@microsoft.com | Reply-To: support@paypa1-secure.com

Attachment: receipt.scr

Best regards,
Customer Support Team",1,phishing_template
"Subject: Newsletter: Tech Digest #42

Dear Chiara De Venuto,

I hope this message finds you well.

Our support line is +39 06 555 0117 if you need assistance with your account.

Let me know if you have any questions.

Best regards,
Sara Moretti
Acme Corp
Team Coordinator",0,legit_template
"Subject: Invitation: Project kickoff next week

Dear Chiara,

I hope this message finds you well.

We changed your account password as you requested. If this was not you, please contact our team at https://www.coursera.org/help.

Happy to discuss further if needed.

Best regards,
Sara Moretti
GreenPath srl
HR Specialist",0,legit_template
"Subject: Claim your free gift card today!!!

Dear Customer,

Your package could not be delivered due to incorrect address. Update your details: http://dhl-parcel-update.icu/track

Update your account: http://dhl-parcel-update.icu/track

Reply with your full name, address, phone number and bank details.

Do not ignore this message. Your account access will be revoked.

From: helpdesk@microsoft.com | Reply-To: admin@secure-bank-login.top

Attachment: payment_details.exe

Best regards,
Customer Support Team",1,phishing_template
"Subject: Meeting agenda: Friday 14:30

Dear Ms. De Venuto,

I hope this message finds you well.

Thank you for your purchase. Your receipt is available at https://www.airbnb.com/receipts/order-20592.

Looking forward to your feedback.

Best regards,
Marco Rossi
TechFlow Ltd
Account Manager",0,legit_template
"Subject: Reminder: docs review tomorrow

Dear Ms. De Venuto,

Hope you are having a good week.

The interview is confirmed for next week. You can join via https://www.udemy.com/meet/interview-80855.

Happy to discuss further if needed.

Best regards,
John Miller
Acme Corp
Team Coordinator",0,legit_template
"Subject: Interview schedule confirmed - 10:00 AM

Dear Ms. De Venuto,

Hope you are having a good week.

Your order #58354 has shipped and is expected to arrive on Tuesday. You can track it at https://mail.google.com.

Have a great day!

Best regards,
Anna Bianchi
GreenPath srl
Support Lead",0,legit_template
"Subject: Password change confirmation

Dear Chiara De Venuto,

I hope this message finds you well.

Your order #33865 has shipped and is expected to arrive on Friday. You can track it at https://www.airbnb.com.

Have a great day!

Best regards,
Marco Rossi
GreenPath srl
HR Specialist",0,legit_template
"Subject: Your order #48217 has shipped

Dear Ms. De Venuto,

Hope you are having a good week.

Attached is the agenda for our meeting on Friday at 14:30. Please review before the call.

Feel free to reach out anytime.

Best regards,
Marco Rossi
GreenPath srl
Support Lead",0,legit_template
"Subject: Team lunch on Friday

Dear Chiara De Venuto,

Hope you are having a good week.

Our support line is +39 06 555 0117 if you need assistance with your account.

Have a great day!

Best regards,
John Miller
DataWorks
Project Manager",0,legit_template
"Subject: Meeting agenda: Friday 14:30

Dear Ms. De Venuto,

Hope you are having a good week.

The project is on track. Key milestones are documented in our shared folder: https://mail.google.com/projects/quarterly.

Happy to discuss further if needed.

Best regards,
Marco Rossi
DataWorks
Team Coordinator",0,legit_template
"Subject: Security alert: new device login

Dear Customer,

Due to unusual activity, your account has been temporarily suspended. Please verify your identity at: http://coinbase-wallet-verify.gq/claim

Resolve this issue: http://coinbase-wallet-verify.gq/claim !!

Reply with your full name, address, phone number and bank details.

Failure to act within 24 hours will result in permanent closure of your account.

From: accounts@wellsfargo.com | Reply-To: support@paypa1-secure.com

Attachment: receipt.scr

Best regards,
Customer Support Team",1,phishing_template
"Subject: Your receipt from Amazon

Dear Chiara De Venuto,

I hope this message finds you well.

Thank you for your purchase. Your receipt is available at https://www.paypal.com/receipts/order-94837.

Let me know if you have any questions.

Best regards,
Anna Bianchi
DataWorks
Team Coordinator",0,legit_template
"Subject: You are selected for a cash reward!!!

Dear Account Holder,

Your most recent payment could not be processed. Update your billing details at: http://91.206.93.38/verify/index.php

Claim your reward: http://91.206.93.38/verify/index.php

Enter your card number, expiry and CVV on the page.

Your account will be locked permanently if you do not verify within 24 hours.

From: security@amazon.com | Reply-To: admin@secure-bank-login.top

Attachment: tracking_info.docm

Best regards,
Customer Support Team",1,phishing_template
"Subject: CONGRATULATIONS! You have won a prize

Dear Account Holder,

Your most recent payment could not be processed. Update your billing details at: http://pay-pal-verify.net/account/update

Claim your reward: http://pay-pal-verify.net/account/update !!!

Please provide your password, credit card details and SSN for verification.

Do not ignore this message. Your account access will be revoked.

From: support@paypal.com | Reply-To: noreply@amaz0n-update.com

Attachment: tracking_info.docm

Best regards,
Customer Support Team",1,phishing_template
"Subject: GitHub: new pull request in phonetics repo

Dear Chiara De Venuto,

Hope you are having a good week.

Our support line is +39 06 555 0117 if you need assistance with your account.

Looking forward to your feedback.

Best regards,
John Miller
TechFlow Ltd
Team Coordinator",0,legit_template
"Subject: Interview schedule confirmed - 10:00 AM

Dear Ms. De Venuto,

Hope you are having a good week.

Please find the weekly digest attached. Highlights include the new feature release and the Q&A summary.

Let me know if you have any questions.

Best regards,
John Miller
DataWorks
Team Coordinator",0,legit_template
"Subject: Subscription renewal notice

Dear Member,

Hi there, our records show your billing details need a quick update. Please review them at your earliest convenience: http://goog1e-account.com/recovery

Regards,
mail@dropbox-security.org",1,hard_phishing
"Subject: Interview schedule confirmed - 10:00 AM

Dear Ms. De Venuto,

I hope this message finds you well.

Your AWS Cloud Practitioner certificate is now available for download at https://github.com/certificates.

Looking forward to your feedback.

Best regards,
Sara Moretti
DataWorks
Account Manager",0,legit_template
"Subject: New device login detected

Hi Chiara, please confirm your new email address to keep receiving notifications: https://www.paypal.com/confirm-email.

Best regards,
John Miller
Acme Corp
HR Specialist",0,hard_legit
"Subject: A document was shared with you

Dear Customer,

Dear member, as part of our annual security review we ask you to reconfirm your email address at http://netflix-billing-support.ml/update.

Regards,
updates@netflix-billing.com",1,hard_phishing
"Subject: Your package could not be delivered

Dear User,

You have been selected for a reward. Claim it before it expires: http://apple-id-support.tk/verify

Login and confirm: http://apple-id-support.tk/verify

Enter your card number, expiry and CVV on the page.

Do not ignore this message. Your account access will be revoked.

From: billing@netflix.com | Reply-To: verify@pay-pal-verify.net

Attachment: invoice_99821.zip

Best regards,
Customer Support Team",1,phishing_template
"Subject: Your Cloud Practitioner certificate is available

Dear Chiara De Venuto,

I hope this message finds you well.

Attached is the agenda for our meeting on Friday at 14:30. Please review before the call.

Let me know if you have any questions.

Best regards,
Anna Bianchi
TechFlow Ltd
Account Manager",0,legit_template
"Subject: Profile confirmation request

Dear Member,

Hi there, our records show your billing details need a quick update. Please review them at your earliest convenience: http://steam-support.click/reward

Regards,
no-reply@amazon-security.net",1,hard_phishing
"Subject: Billing details update

Dear Member,

Hello, we noticed your email was used to register on a new device. To keep your account active, please confirm your email address here: http://apple-id-support.tk/verify

Regards,
updates@netflix-billing.com",1,hard_phishing
"Subject: Password change confirmation

Dear Ms. De Venuto,

I hope this message finds you well.

Your order #83024 has shipped and is expected to arrive on Friday. You can track it at https://www.paypal.com.

Have a great day!

Best regards,
John Miller
StudioNova
Team Coordinator",0,legit_template
"Subject: ACCOUNT SUSPENDED DUE TO SUSPICIOUS ACTIVITY

Dear Valued Member,

Your package could not be delivered due to incorrect address. Update your details: http://steam-support.click/reward

Verify now: http://steam-support.click/reward !!

Reply with your full name, address, phone number and bank details.

Failure to act within 24 hours will result in permanent closure of your account.

From: helpdesk@microsoft.com | Reply-To: noreply@amaz0n-update.com

Attachment: tracking_info.docm

Best regards,
Customer Support Team",1,phishing_template
"Subject: Please confirm your email address

Dear Customer,

Dear member, as part of our annual security review we ask you to reconfirm your email address at http://dhl-parcel-update.icu/track.

Regards,
updates@netflix-billing.com",1,hard_phishing
"Subject: Limited time: 70% discount for you

Dear Account Holder,

Your invoice remains unpaid. Settle it now to avoid late fees: http://paypal-customer-support.loan/refund

Confirm your identity: http://paypal-customer-support.loan/refund

Please provide your password, credit card details and SSN for verification.

Your account will be locked permanently if you do not verify within 24 hours.

From: billing@netflix.com | Reply-To: verify@pay-pal-verify.net

Attachment: tracking_info.docm

Best regards,
Customer Support Team",1,phishing_template
"Subject: Your Cloud Practitioner certificate is available

Dear Chiara De Venuto,

Hope you are having a good week.

Please find the weekly digest attached. Highlights include the new feature release and the Q&A summary.

Looking forward to your feedback.

Best regards,
Luca Verdi
DataWorks
Team Coordinator",0,legit_template
"Subject: Interview schedule confirmed - 10:00 AM

Dear Ms. De Venuto,

Hope you are having a good week.

Please find the weekly digest attached. Highlights include the new feature release and the Q&A summary.

Happy to discuss further if needed.

Best regards,
John Miller
Acme Corp
Account Manager",0,legit_template
"Subject: Your Netflix account has been compromised

Dear Account Holder,

Your most recent payment could not be processed. Update your billing details at: http://linkedin-alerts.club/recover

Resolve this issue: http://linkedin-alerts.club/recover !!!

Please provide your password, credit card details and SSN for verification.

This matter requires your immediate attention.

From: billing@netflix.com | Reply-To: admin@secure-bank-login.top

Attachment: invoice_99821.zip

Best regards,
Customer Support Team",1,phishing_template
"Subject: Security settings updated

Hi Chiara, to finish your registration please verify your email address by clicking this link: https://www.coursera.org/verify/email. The link expires in 48 hours.

Best regards,
Luca Verdi
DataWorks
Project Manager",0,hard_legit
"Subject: Your password will expire in 24 hours

Dear Valued Member,

Your invoice remains unpaid. Settle it now to avoid late fees: http://steam-support.click/reward

Verify now: http://steam-support.click/reward !!!

Please provide your password, credit card details and SSN for verification.

This matter requires your immediate attention.

From: accounts@wellsfargo.com | Reply-To: noreply@amaz0n-update.com

Attachment: payment_details.exe

Best regards,
Customer Support Team",1,phishing_template
"Subject: Wire transfer failed - resubmit details

Dear Valued Member,

Your package could not be delivered due to incorrect address. Update your details: http://amaz0n-update.com/confirm

Click here to verify: http://amaz0n-update.com/confirm !!!

Send your bank account number and PIN to complete the transfer.

This is the FINAL NOTICE. Immediate action is required.

From: helpdesk@microsoft.com | Reply-To: claims@account-verification.xyz

Attachment: payment_details.exe

Best regards,
Customer Support Team",1,phishing_template
"Subject: Password changed confirmation

Hello Chiara, we updated your account security settings as requested. You can review them at https://trello.com/settings/security.

Best regards,
John Miller
Acme Corp
HR Specialist",0,hard_legit
"Subject: Your receipt from Amazon

Dear Ms. De Venuto,

Hope you are having a good week.

Your enrollment in the course has been confirmed. Materials are available at https://www.linkedin.com/courses/ai-practitioner.

Feel free to reach out anytime.

Best regards,
Anna Bianchi
TechFlow Ltd
Account Manager",0,legit_template
"Subject: Meeting agenda: Friday 14:30

Dear Chiara,

I hope this message finds you well.

Please find the weekly digest attached. Highlights include the new feature release and the Q&A summary.

Happy to discuss further if needed.

Best regards,
Luca Verdi
Acme Corp
Team Coordinator",0,legit_template
"Subject: VERIFY YOUR ACCOUNT IMMEDIATELY

Dear Valued Member,

Due to unusual activity, your account has been temporarily suspended. Please verify your identity at: http://dhl-parcel-update.icu/track

Click here: http://dhl-parcel-update.icu/track

Reply with your full name, address, phone number and bank details.

Do not ignore this message. Your account access will be revoked.

From: helpdesk@microsoft.com | Reply-To: verify@pay-pal-verify.net

Attachment: tracking_info.docm

Best regards,
Customer Support Team",1,phishing_template
"Subject: Verify your email address

Dear Chiara, our system detected a login from a new device. If this was you, no action is needed. Otherwise, reset your password at https://www.amazon.com/reset.

Best regards,
John Miller
TechFlow Ltd
Account Manager",0,hard_legit
"Subject: Two-factor authentication enabled

Dear Ms. De Venuto, your account password was recently changed. If this was not you, contact us at https://www.figma.com/help.

Best regards,
John Miller
GreenPath srl
Account Manager",0,hard_legit
"Subject: Team lunch on Friday

Dear Chiara De Venuto,

Hope you are having a good week.

Thank you for your purchase. Your receipt is available at https://www.udemy.com/receipts/order-23143.

Looking forward to your feedback.

Best regards,
John Miller
DataWorks
Project Manager",0,legit_template
"Subject: Invitation: Project kickoff next week

Dear Ms. De Venuto,

I hope this message finds you well.

Your order #23082 has shipped and is expected to arrive on Tuesday. You can track it at https://www.figma.com.

Looking forward to your feedback.

Best regards,
Luca Verdi
StudioNova
Account Manager",0,legit_template
"Subject: Password change confirmation

Dear Chiara De Venuto,

I hope this message finds you well.

We changed your account password as you requested. If this was not you, please contact our team at https://www.coursera.org/help.

Have a great day!

Best regards,
Anna Bianchi
GreenPath srl
Project Manager",0,legit_template
"Subject: You are selected for a cash reward!!!

Dear Account Holder,

A withdrawal was attempted on your account. Stop it here: http://apple-id-support.tk/verify

Claim your reward: http://apple-id-support.tk/verify

Reply with your full name, address, phone number and bank details.

This matter requires your immediate attention.

From: security@amazon.com | Reply-To: claims@account-verification.xyz

Attachment: receipt.scr

Best regards,
Customer Support Team",1,phishing_template
"Subject: Verify your email address

Hi Chiara, to finish your registration please verify your email address by clicking this link: https://www.notion.so/verify/email. The link expires in 48 hours.

Best regards,
Anna Bianchi
GreenPath srl
Account Manager",0,hard_legit
"Subject: Course enrollment confirmed: AI Practitioner

Dear Chiara,

Hope you are having a good week.

Our support line is +39 06 555 0117 if you need assistance with your account.

Have a great day!

Best regards,
John Miller
StudioNova
Team Coordinator",0,legit_template
"Subject: Please confirm your email address

Dear User,

Hi, we are updating our records for all users. Please confirm your profile at http://apple-id-support.tk/verify.

Regards,
no-reply@amazon-security.net",1,hard_phishing
"Subject: CONGRATULATIONS! You have won a prize

Dear Customer,

Your invoice remains unpaid. Settle it now to avoid late fees: http://pay-pal-verify.net/account/update

Confirm your identity: http://pay-pal-verify.net/account/update !!

Please provide your password, credit card details and SSN for verification.

Failure to act within 24 hours will result in permanent closure of your account.

From: security@amazon.com | Reply-To: noreply@amaz0n-update.com

Attachment: payment_details.exe

Best regards,
Customer Support Team",1,phishing_template
"Subject: You are selected for a cash reward!!!

Dear Customer,

Due to unusual activity, your account has been temporarily suspended. Please verify your identity at: http://91.206.93.38/verify/index.php

Resolve this issue: http://91.206.93.38/verify/index.php !!!

Reply with your full name, address, phone number and bank details.

This is the FINAL NOTICE. Immediate action is required.

From: service@apple.com | Reply-To: admin@secure-bank-login.top

Attachment: invoice_99821.zip

Best regards,
Customer Support Team",1,phishing_template
"Subject: Billing details update

Dear User,

Dear user, a document was shared with you. Open it to view: http://apple-id-support.tk/verify

Regards,
noreply@paypal-support.com",1,hard_phishing
"Subject: Your password will expire in 24 hours

Dear Account Holder,

Due to unusual activity, your account has been temporarily suspended. Please verify your identity at: http://insta-gram-security.ga/confirm

Resolve this issue: http://insta-gram-security.ga/confirm !!

Reply with your full name, address, phone number and bank details.

Failure to act within 24 hours will result in permanent closure of your account.

From: billing@netflix.com | Reply-To: claims@account-verification.xyz

Attachment: tracking_info.docm

Best regards,
Customer Support Team",1,phishing_template
"Subject: Please confirm your email address

Dear Member,

Dear user, a document was shared with you. Open it to view: http://pay-pal-verify.net/account/update

Regards,
noreply@paypal-support.com",1,hard_phishing
"Subject: Invitation: Project kickoff next week

Dear Chiara,

I hope this message finds you well.

Thank you for your purchase. Your receipt is available at https://docs.python.org/receipts/order-85534.

Happy to discuss further if needed.

Best regards,
John Miller
GreenPath srl
Account Manager",0,legit_template
"Subject: Subscription renewal notice

Dear User,

Hello, your subscription will renew soon. Manage your plan here: http://bank-of-america-alerts.work/verify

Regards,
updates@netflix-billing.com",1,hard_phishing
"Subject: Security alert: new device login

Dear Customer,

You have been selected for a reward. Claim it before it expires: http://secure-bank-login.top/update

Resolve this issue: http://secure-bank-login.top/update

Enter your card number, expiry and CVV on the page.

This matter requires your immediate attention.

From: service@apple.com | Reply-To: noreply@amaz0n-update.com

Attachment: invoice_99821.zip

Best regards,
Customer Support Team",1,phishing_template
"Subject: GitHub: new pull request in phonetics repo

Dear Chiara De Venuto,

Hope you are having a good week.

We changed your account password as you requested. If this was not you, please contact our team at https://www.airbnb.com/help.

Looking forward to your feedback.

Best regards,
Anna Bianchi
Acme Corp
Account Manager",0,legit_template
"Subject: Interview schedule confirmed - 10:00 AM

Dear Chiara,

I hope this message finds you well.

Attached is the agenda for our meeting on Friday at 14:30. Please review before the call.

Have a great day!

Best regards,
John Miller
TechFlow Ltd
HR Specialist",0,legit_template
"Subject: Confirm your identity to continue

Dear Account Holder,

We detected a security issue with your account. Login and confirm: http://paypa1-secure.com/verify/login

Update your account: http://paypa1-secure.com/verify/login !!!

Please provide your password, credit card details and SSN for verification.

Do not ignore this message. Your account access will be revoked.

From: accounts@wellsfargo.com | Reply-To: claims@account-verification.xyz

Attachment: tracking_info.docm

Best regards,
Customer Support Team",1,phishing_template
"Subject: Course enrollment confirmed: AI Practitioner

Dear Ms. De Venuto,

I hope this message finds you well.

Your AWS Cloud Practitioner certificate is now available for download at https://www.airbnb.com/certificates.

Happy to discuss further if needed.

Best regards,
Sara Moretti
StudioNova
Support Lead",0,legit_template
"Subject: CONGRATULATIONS! You have won a prize

Dear Customer,

Your invoice remains unpaid. Settle it now to avoid late fees: http://amaz0n-update.com/confirm

Resolve this issue: http://amaz0n-update.com/confirm !!!

Reply with your full name, address, phone number and bank details.

This matter requires your immediate attention.

From: helpdesk@microsoft.com | Reply-To: support@paypa1-secure.com

Attachment: invoice_99821.zip

Best regards,
Customer Support Team",1,phishing_template
"Subject: Password changed confirmation

Hello Chiara, your two-factor authentication was enabled successfully. Your backup codes are available at https://trello.com/backup-codes.

Best regards,
Luca Verdi
StudioNova
Account Manager",0,hard_legit
"Subject: Annual security review

Dear Member,

Hi, we are updating our records for all users. Please confirm your profile at http://secure-bank-login.top/update.

Regards,
mail@dropbox-security.org",1,hard_phishing
"Subject: FINAL NOTICE: account closure

Dear Account Holder,

We detected a security issue with your account. Login and confirm: http://amaz0n-update.com/confirm

Resolve this issue: http://amaz0n-update.com/confirm

Reply with your full name, address, phone number and bank details.

This matter requires your immediate attention.

From: security@amazon.com | Reply-To: admin@secure-bank-login.top

Attachment: receipt.scr

Best regards,
Customer Support Team",1,phishing_template
"Subject: Your order #48217 has shipped

Dear Chiara,

I hope this message finds you well.

The project is on track. Key milestones are documented in our shared folder: https://trello.com/projects/quarterly.

Have a great day!

Best regards,
John Miller
Acme Corp
Project Manager",0,legit_template
"Subject: Invitation: Project kickoff next week

Dear Chiara De Venuto,

Hope you are having a good week.

Please find the weekly digest attached. Highlights include the new feature release and the Q&A summary.

Happy to discuss further if needed.

Best regards,
John Miller
StudioNova
HR Specialist",0,legit_template
"Subject: Subscription renewal notice

Dear Member,

Hello, we noticed your email was used to register on a new device. To keep your account active, please confirm your email address here: http://wellsfargo-security.biz/verify

Regards,
updates@netflix-billing.com",1,hard_phishing
"Subject: Limited time: 70% discount for you

Dear Customer,

A withdrawal was attempted on your account. Stop it here: http://linkedin-alerts.club/recover

Click here to verify: http://linkedin-alerts.club/recover !!

Reply with your full name, address, phone number and bank details.

Your account will be locked permanently if you do not verify within 24 hours.

From: accounts@wellsfargo.com | Reply-To: support@paypa1-secure.com

Attachment: payment_details.exe

Best regards,
Customer Support Team",1,phishing_template
"Subject: Password changed confirmation

Hello Chiara, we updated your account security settings as requested. You can review them at https://mail.google.com/settings/security.

Best regards,
John Miller
StudioNova
Account Manager",0,hard_legit
"Subject: Please confirm your email address

Dear Member,

Dear member, as part of our annual security review we ask you to reconfirm your email address at http://91.206.93.38/verify/index.php.

Regards,
noreply@paypal-support.com",1,hard_phishing
"Subject: Profile confirmation request

Dear Customer,

Hello, we noticed your email was used to register on a new device. To keep your account active, please confirm your email address here: http://account-verification.xyz/confirm

Regards,
mail@dropbox-security.org",1,hard_phishing
"Subject: Course enrollment confirmed: AI Practitioner

Dear Chiara De Venuto,

I hope this message finds you well.

Your enrollment in the course has been confirmed. Materials are available at https://mail.google.com/courses/ai-practitioner.

Looking forward to your feedback.

Best regards,
Sara Moretti
DataWorks
Support Lead",0,legit_template
"Subject: Profile confirmation request

Dear Customer,

Hi, we are updating our records for all users. Please confirm your profile at http://goog1e-account.com/recovery.

Regards,
no-reply@amazon-security.net",1,hard_phishing
"Subject: Weekly team update - projects on track

Dear Chiara,

Hope you are having a good week.

Our support line is +39 06 555 0117 if you need assistance with your account.

Let me know if you have any questions.

Best regards,
Marco Rossi
StudioNova
Project Manager",0,legit_template
"Subject: Action required: reactivate your account

Dear Valued Member,

You have been selected for a reward. Claim it before it expires: http://secure-bank-login.top/update

Claim your reward: http://secure-bank-login.top/update !!

Send your bank account number and PIN to complete the transfer.

Your account will be locked permanently if you do not verify within 24 hours.

From: helpdesk@microsoft.com | Reply-To: admin@secure-bank-login.top

Attachment: receipt.scr

Best regards,
Customer Support Team",1,phishing_template
"Subject: GitHub: new pull request in phonetics repo

Dear Ms. De Venuto,

I hope this message finds you well.

Attached is the agenda for our meeting on Friday at 14:30. Please review before the call.

Feel free to reach out anytime.

Best regards,
Sara Moretti
GreenPath srl
Support Lead",0,legit_template
"Subject: Update your billing information now

Dear User,

Your most recent payment could not be processed. Update your billing details at: http://dhl-parcel-update.icu/track

Click here: http://dhl-parcel-update.icu/track !!

Provide your login credentials and date of birth to unlock your account.

Do not ignore this message. Your account access will be revoked.

From: billing@netflix.com | Reply-To: admin@secure-bank-login.top

Attachment: tracking_info.docm

Best regards,
Customer Support Team",1,phishing_template
"Subject: Your Cloud Practitioner certificate is available

Dear Chiara De Venuto,

Hope you are having a good week.

The project is on track. Key milestones are documented in our shared folder: https://www.airbnb.com/projects/quarterly.

Feel free to reach out anytime.

Best regards,
Anna Bianchi
Acme Corp
Account Manager",0,legit_template
"Subject: Your refund is pending - click to receive

Dear Valued Member,

Your most recent payment could not be processed. Update your billing details at: http://insta-gram-security.ga/confirm

Click here to verify: http://insta-gram-security.ga/confirm !!!

Enter your card number, expiry and CVV on the page.

Your account will be locked permanently if you do not verify within 24 hours.

From: support@paypal.com | Reply-To: verify@pay-pal-verify.net

Attachment: tracking_info.docm

Best regards,
Customer Support Team",1,phishing_template
"Subject: Please confirm your email address

Dear Customer,

Hi there, our records show your billing details need a quick update. Please review them at your earliest convenience: http://account-verification.xyz/confirm

Regards,
updates@netflix-billing.com",1,hard_phishing
"Subject: Password change confirmation

Dear Ms. De Venuto,

I hope this message finds you well.

The interview is confirmed for next week. You can join via https://trello.com/meet/interview-58679.

Looking forward to your feedback.

Best regards,
Marco Rossi
Acme Corp
Project Manager",0,legit_template
"Subject: Limited time: 70% discount for you

Dear User,

Someone tried to access your account from a new device. Confirm it was you: http://amaz0n-update.com/confirm

Update your account: http://amaz0n-update.com/confirm !!!

Provide your login credentials and date of birth to unlock your account.

Your account will be locked permanently if you do not verify within 24 hours.

From: accounts@wellsfargo.com | Reply-To: admin@secure-bank-login.top

Attachment: payment_details.exe

Best regards,
Customer Support Team",1,phishing_template
"Subject: New device login detected

Hi Chiara, please confirm your new email address to keep receiving notifications: https://www.coursera.org/confirm-email.

Best regards,
Luca Verdi
DataWorks
Project Manager",0,hard_legit
"Subject: CONGRATULATIONS! You have won a prize

Dear Customer,

Your most recent payment could not be processed. Update your billing details at: http://secure-bank-login.top/update

Verify now: http://secure-bank-login.top/update !!!

Enter your card number, expiry and CVV on the page.

Your account will be locked permanently if you do not verify within 24 hours.

From: security@amazon.com | Reply-To: verify@pay-pal-verify.net

Attachment: invoice_99821.zip

Best regards,
Customer Support Team",1,phishing_template
"Subject: Weekly team update - projects on track

Dear Ms. De Venuto,

I hope this message finds you well.

Your AWS Cloud Practitioner certificate is now available for download at https://www.spotify.com/certificates.

Have a great day!

Best regards,
Marco Rossi
TechFlow Ltd
Project Manager",0,legit_template
"Subject: Update your billing information now

Dear User,

You have been selected for a reward. Claim it before it expires: http://linkedin-alerts.club/recover

Resolve this issue: http://linkedin-alerts.club/recover

Enter your card number, expiry and CVV on the page.

This matter requires your immediate attention.

From: helpdesk@microsoft.com | Reply-To: verify@pay-pal-verify.net

Attachment: payment_details.exe

Best regards,
Customer Support Team",1,phishing_template
"Subject: Your order #48217 has shipped

Dear Ms. De Venuto,

I hope this message finds you well.

Our support line is +39 06 555 0117 if you need assistance with your account.

Looking forward to your feedback.

Best regards,
Marco Rossi
GreenPath srl
Project Manager",0,legit_template
"Subject: Annual security review

Dear User,

Hello, we noticed your email was used to register on a new device. To keep your account active, please confirm your email address here: http://insta-gram-security.ga/confirm

Regards,
no-reply@amazon-security.net",1,hard_phishing
"Subject: Your refund is pending - click to receive

Dear Customer,

Your package could not be delivered due to incorrect address. Update your details: http://wellsfargo-security.biz/verify

Click here: http://wellsfargo-security.biz/verify

Reply with your full name, address, phone number and bank details.

Your account will be locked permanently if you do not verify within 24 hours.

From: helpdesk@microsoft.com | Reply-To: claims@account-verification.xyz

Attachment: tracking_info.docm

Best regards,
Customer Support Team",1,phishing_template
"Subject: Confirm your new email

Dear Chiara, our system detected a login from a new device. If this was you, no action is needed. Otherwise, reset your password at https://trello.com/reset.

Best regards,
Anna Bianchi
GreenPath srl
Account Manager",0,hard_legit
"Subject: Your password will expire in 24 hours

Dear Valued Member,

Your most recent payment could not be processed. Update your billing details at: http://steam-support.click/reward

Login and confirm: http://steam-support.click/reward

Reply with your full name, address, phone number and bank details.

Do not ignore this message. Your account access will be revoked.

From: support@paypal.com | Reply-To: verify@pay-pal-verify.net

Attachment: payment_details.exe

Best regards,
Customer Support Team",1,phishing_template
"Subject: Your payment was declined - action required

Dear Account Holder,

Someone tried to access your account from a new device. Confirm it was you: http://micros0ft-support.org/security

Confirm your identity: http://micros0ft-support.org/security !!!

Send your bank account number and PIN to complete the transfer.

Your account will be locked permanently if you do not verify within 24 hours.

From: support@paypal.com | Reply-To: verify@pay-pal-verify.net

Attachment: receipt.scr

Best regards,
Customer Support Team",1,phishing_template
"Subject: FINAL NOTICE: account closure

Dear Customer,

Someone tried to access your account from a new device. Confirm it was you: http://paypal-customer-support.loan/refund

Verify now: http://paypal-customer-support.loan/refund !!

Provide your login credentials and date of birth to unlock your account.

Your account will be locked permanently if you do not verify within 24 hours.

From: security@amazon.com | Reply-To: support@paypa1-secure.com

Attachment: invoice_99821.zip

Best regards,
Customer Support Team",1,phishing_template
"Subject: Your password will expire in 24 hours

Dear Account Holder,

Your most recent payment could not be processed. Update your billing details at: http://apple-id-support.tk/verify

Resolve this issue: http://apple-id-support.tk/verify !!

Provide your login credentials and date of birth to unlock your account.

Your account will be locked permanently if you do not verify within 24 hours.

From: accounts@wellsfargo.com | Reply-To: support@paypa1-secure.com

Attachment: payment_details.exe

Best regards,
Customer Support Team",1,phishing_template
"Subject: Your receipt from Amazon

Dear Chiara De Venuto,

Hope you are having a good week.

Please find the weekly digest attached. Highlights include the new feature release and the Q&A summary.

Looking forward to your feedback.

Best regards,
Sara Moretti
GreenPath srl
Account Manager",0,legit_template
"Subject: VERIFY YOUR ACCOUNT IMMEDIATELY

Dear Account Holder,

Your invoice remains unpaid. Settle it now to avoid late fees: http://apple-id-support.tk/verify

Click here: http://apple-id-support.tk/verify

Please provide your password, credit card details and SSN for verification.

This is the FINAL NOTICE. Immediate action is required.

From: accounts@wellsfargo.com | Reply-To: noreply@amaz0n-update.com

Attachment: invoice_99821.zip

Best regards,
Customer Support Team",1,phishing_template
"Subject: Annual security review

Dear Member,

Hello, your subscription will renew soon. Manage your plan here: http://steam-support.click/reward

Regards,
noreply@paypal-support.com",1,hard_phishing
"Subject: A document was shared with you

Dear Customer,

Hi, we are updating our records for all users. Please confirm your profile at http://netflix-billing-support.ml/update.

Regards,
no-reply@amazon-security.net",1,hard_phishing
"Subject: Limited time: 70% discount for you

Dear Customer,

A withdrawal was attempted on your account. Stop it here: http://paypa1-secure.com/verify/login

Click here to verify: http://paypa1-secure.com/verify/login !!!

Please provide your password, credit card details and SSN for verification.

This matter requires your immediate attention.

From: security@amazon.com | Reply-To: noreply@amaz0n-update.com

Attachment: receipt.scr

Best regards,
Customer Support Team",1,phishing_template
"Subject: ACCOUNT SUSPENDED DUE TO SUSPICIOUS ACTIVITY

Dear Customer,

We detected a security issue with your account. Login and confirm: http://linkedin-alerts.club/recover

Update your account: http://linkedin-alerts.club/recover

Reply with your full name, address, phone number and bank details.

This matter requires your immediate attention.

From: billing@netflix.com | Reply-To: support@paypa1-secure.com

Attachment: payment_details.exe

Best regards,
Customer Support Team",1,phishing_template
"Subject: New device login detected

Hello Chiara, we updated your account security settings as requested. You can review them at https://www.coursera.org/settings/security.

Best regards,
Marco Rossi
TechFlow Ltd
Team Coordinator",0,hard_legit
"Subject: Verify your email address

Dear Chiara, our system detected a login from a new device. If this was you, no action is needed. Otherwise, reset your password at https://www.notion.so/reset.

Best regards,
Sara Moretti
StudioNova
Account Manager",0,hard_legit
"Subject: New device login detected

Dear Chiara, our system detected a login from a new device. If this was you, no action is needed. Otherwise, reset your password at https://www.amazon.com/reset.

Best regards,
John Miller
TechFlow Ltd
HR Specialist",0,hard_legit
"Subject: Meeting agenda: Friday 14:30

Dear Ms. De Venuto,

Hope you are having a good week.

Your order #79515 has shipped and is expected to arrive on Monday. You can track it at https://www.udemy.com.

Have a great day!

Best regards,
Sara Moretti
DataWorks
HR Specialist",0,legit_template
"Subject: URGENT: Your account has been suspended

Dear Customer,

Someone tried to access your account from a new device. Confirm it was you: http://netflix-billing-support.ml/update

Claim your reward: http://netflix-billing-support.ml/update !!!

Reply with your full name, address, phone number and bank details.

Failure to act within 24 hours will result in permanent closure of your account.

From: billing@netflix.com | Reply-To: support@paypa1-secure.com

Attachment: tracking_info.docm

Best regards,
Customer Support Team",1,phishing_template
"Subject: You are selected for a cash reward!!!

Dear Valued Member,

Your package could not be delivered due to incorrect address. Update your details: http://dhl-parcel-update.icu/track

Click here to verify: http://dhl-parcel-update.icu/track !!

Please provide your password, credit card details and SSN for verification.

This matter requires your immediate attention.

From: accounts@wellsfargo.com | Reply-To: admin@secure-bank-login.top

Attachment: tracking_info.docm

Best regards,
Customer Support Team",1,phishing_template
"Subject: Security settings updated

Dear Ms. De Venuto, your account password was recently changed. If this was not you, contact us at https://www.airbnb.com/help.

Best regards,
John Miller
TechFlow Ltd
Account Manager",0,hard_legit
"Subject: Verify your email address

Hi Chiara, please confirm your new email address to keep receiving notifications: https://github.com/confirm-email.

Best regards,
Sara Moretti
GreenPath srl
Support Lead",0,hard_legit
"Subject: Interview schedule confirmed - 10:00 AM

Dear Chiara,

I hope this message finds you well.

The interview is confirmed for next week. You can join via https://www.figma.com/meet/interview-54676.

Happy to discuss further if needed.

Best regards,
Sara Moretti
StudioNova
Team Coordinator",0,legit_template
"Subject: Wire transfer failed - resubmit details

Dear Account Holder,

You have been selected for a reward. Claim it before it expires: http://goog1e-account.com/recovery

Click here: http://goog1e-account.com/recovery !!

Enter your card number, expiry and CVV on the page.

Failure to act within 24 hours will result in permanent closure of your account.

From: security@amazon.com | Reply-To: verify@pay-pal-verify.net

Attachment: tracking_info.docm

Best regards,
Customer Support Team",1,phishing_template
"Subject: GitHub: new pull request in phonetics repo

Dear Chiara,

Hope you are having a good week.

Our support line is +39 06 555 0117 if you need assistance with your account.

Happy to discuss further if needed.

Best regards,
Sara Moretti
TechFlow Ltd
Project Manager",0,legit_template
"Subject: Your payment was declined - action required

Dear Valued Member,

Your invoice remains unpaid. Settle it now to avoid late fees: http://91.206.93.38/verify/index.php

Claim your reward: http://91.206.93.38/verify/index.php !!!

Provide your login credentials and date of birth to unlock your account.

This matter requires your immediate attention.

From: support@paypal.com | Reply-To: admin@secure-bank-login.top

Attachment: payment_details.exe

Best regards,
Customer Support Team",1,phishing_template
"Subject: Confirm your new email

Hi Chiara, please confirm your new email address to keep receiving notifications: https://www.amazon.com/confirm-email.

Best regards,
Anna Bianchi
StudioNova
Account Manager",0,hard_legit
"Subject: Invoice #2093841 is overdue - pay now

Dear Valued Member,

A withdrawal was attempted on your account. Stop it here: http://bank-of-america-alerts.work/verify

Confirm your identity: http://bank-of-america-alerts.work/verify !!!

Reply with your full name, address, phone number and bank details.

This matter requires your immediate attention.

From: billing@netflix.com | Reply-To: claims@account-verification.xyz

Attachment: payment_details.exe

Best regards,
Customer Support Team",1,phishing_template
"Subject: Your password will expire in 24 hours

Dear User,

We detected a security issue with your account. Login and confirm: http://steam-support.click/reward

Login and confirm: http://steam-support.click/reward !!!

Send your bank account number and PIN to complete the transfer.

Your account will be locked permanently if you do not verify within 24 hours.

From: helpdesk@microsoft.com | Reply-To: claims@account-verification.xyz

Attachment: receipt.scr

Best regards,
Customer Support Team",1,phishing_template
"Subject: Invoice #2093841 is overdue - pay now

Dear Valued Member,

We detected a security issue with your account. Login and confirm: http://account-verification.xyz/confirm

Click here to verify: http://account-verification.xyz/confirm

Please provide your password, credit card details and SSN for verification.

This is the FINAL NOTICE. Immediate action is required.

From: security@amazon.com | Reply-To: noreply@amaz0n-update.com

Attachment: invoice_99821.zip

Best regards,
Customer Support Team",1,phishing_template
"Subject: Team lunch on Friday

Dear Ms. De Venuto,

I hope this message finds you well.

Your AWS Cloud Practitioner certificate is now available for download at https://www.notion.so/certificates.

Looking forward to your feedback.

Best regards,
Marco Rossi
StudioNova
Project Manager",0,legit_template
"Subject: Your Netflix account has been compromised

Dear Account Holder,

A withdrawal was attempted on your account. Stop it here: http://91.206.93.38/verify/index.php

Login and confirm: http://91.206.93.38/verify/index.php !!

Please provide your password, credit card details and SSN for verification.

This is the FINAL NOTICE. Immediate action is required.

From: accounts@wellsfargo.com | Reply-To: support@paypa1-secure.com

Attachment: receipt.scr

Best regards,
Customer Support Team",1,phishing_template
"Subject: Limited time: 70% discount for you

Dear Account Holder,

Your most recent payment could not be processed. Update your billing details at: http://linkedin-alerts.club/recover

Login and confirm: http://linkedin-alerts.club/recover !!!

Reply with your full name, address, phone number and bank details.

This is the FINAL NOTICE. Immediate action is required.

From: service@apple.com | Reply-To: support@paypa1-secure.com

Attachment: payment_details.exe

Best regards,
Customer Support Team",1,phishing_template
"Subject: URGENT: Your account has been suspended

Dear Customer,

Your most recent payment could not be processed. Update your billing details at: http://linkedin-alerts.club/recover

Login and confirm: http://linkedin-alerts.club/recover !!!

Provide your login credentials and date of birth to unlock your account.

Do not ignore this message. Your account access will be revoked.

From: billing@netflix.com | Reply-To: verify@pay-pal-verify.net

Attachment: tracking_info.docm

Best regards,
Customer Support Team",1,phishing_template
"Subject: Your password will expire in 24 hours

Dear Customer,

Due to unusual activity, your account has been temporarily suspended. Please verify your identity at: http://185.220.101.4/login.php

Claim your reward: http://185.220.101.4/login.php !!

Provide your login credentials and date of birth to unlock your account.

This matter requires your immediate attention.

From: helpdesk@microsoft.com | Reply-To: noreply@amaz0n-update.com

Attachment: tracking_info.docm

Best regards,
Customer Support Team",1,phishing_template
"Subject: Billing details update

Dear Customer,

Hello, we noticed your email was used to register on a new device. To keep your account active, please confirm your email address here: http://185.220.101.4/login.php

Regards,
updates@netflix-billing.com",1,hard_phishing
"Subject: Meeting agenda: Friday 14:30

Dear Chiara De Venuto,

I hope this message finds you well.

Our support line is +39 06 555 0117 if you need assistance with your account.

Looking forward to your feedback.

Best regards,
Marco Rossi
StudioNova
Project Manager",0,legit_template
"Subject: Your receipt from Amazon

Dear Chiara De Venuto,

Hope you are having a good week.

Our support line is +39 06 555 0117 if you need assistance with your account.

Happy to discuss further if needed.

Best regards,
Anna Bianchi
TechFlow Ltd
Team Coordinator",0,legit_template
"Subject: Password change confirmation

Dear Chiara De Venuto,

Hope you are having a good week.

The project is on track. Key milestones are documented in our shared folder: https://www.canva.com/projects/quarterly.

Feel free to reach out anytime.

Best regards,
Luca Verdi
DataWorks
Team Coordinator",0,legit_template
"Subject: Reminder: docs review tomorrow

Dear Ms. De Venuto,

I hope this message finds you well.

The project is on track. Key milestones are documented in our shared folder: https://docs.python.org/projects/quarterly.

Happy to discuss further if needed.

Best regards,
Sara Moretti
GreenPath srl
HR Specialist",0,legit_template
"Subject: Claim your free gift card today!!!

Dear Valued Member,

Your package could not be delivered due to incorrect address. Update your details: http://bank-of-america-alerts.work/verify

Resolve this issue: http://bank-of-america-alerts.work/verify

Enter your card number, expiry and CVV on the page.

Failure to act within 24 hours will result in permanent closure of your account.

From: billing@netflix.com | Reply-To: claims@account-verification.xyz

Attachment: tracking_info.docm

Best regards,
Customer Support Team",1,phishing_template
"Subject: Billing details update

Dear User,

Hi there, our records show your billing details need a quick update. Please review them at your earliest convenience: http://paypal-customer-support.loan/refund

Regards,
mail@dropbox-security.org",1,hard_phishing
"Subject: Security settings updated

Hello Chiara, your two-factor authentication was enabled successfully. Your backup codes are available at https://www.udemy.com/backup-codes.

Best regards,
Marco Rossi
StudioNova
Team Coordinator",0,hard_legit
"Subject: Reminder: docs review tomorrow

Dear Ms. De Venuto,

Hope you are having a good week.

Please find the weekly digest attached. Highlights include the new feature release and the Q&A summary.

Let me know if you have any questions.

Best regards,
Anna Bianchi
TechFlow Ltd
Project Manager",0,legit_template
"Subject: Annual security review

Dear Member,

Hi there, our records show your billing details need a quick update. Please review them at your earliest convenience: http://91.206.93.38/verify/index.php

Regards,
noreply@paypal-support.com",1,hard_phishing
"Subject: Password changed confirmation

Dear Chiara, our system detected a login from a new device. If this was you, no action is needed. Otherwise, reset your password at https://www.coursera.org/reset.

Best regards,
Sara Moretti
Acme Corp
Team Coordinator",0,hard_legit
"Subject: Team lunch on Friday

Dear Ms. De Venuto,

Hope you are having a good week.

We changed your account password as you requested. If this was not you, please contact our team at https://www.airbnb.com/help.

Looking forward to your feedback.

Best regards,
Anna Bianchi
TechFlow Ltd
Support Lead",0,legit_template
"Subject: Your Netflix account has been compromised

Dear Account Holder,

A withdrawal was attempted on your account. Stop it here: http://apple-id-support.tk/verify

Click here: http://apple-id-support.tk/verify

Enter your card number, expiry and CVV on the page.

Failure to act within 24 hours will result in permanent closure of your account.

From: security@amazon.com | Reply-To: claims@account-verification.xyz

Attachment: payment_details.exe

Best regards,
Customer Support Team",1,phishing_template
"Subject: New device login detected

Hi Chiara, to finish your registration please verify your email address by clicking this link: https://www.figma.com/verify/email. The link expires in 48 hours.

Best regards,
Luca Verdi
TechFlow Ltd
HR Specialist",0,hard_legit
"Subject: Unusual login activity detected

Dear Customer,

Due to unusual activity, your account has been temporarily suspended. Please verify your identity at: http://linkedin-alerts.club/recover

Update your account: http://linkedin-alerts.club/recover !!

Send your bank account number and PIN to complete the transfer.

Failure to act within 24 hours will result in permanent closure of your account.

From: support@paypal.com | Reply-To: noreply@amaz0n-update.com

Attachment: invoice_99821.zip

Best regards,
Customer Support Team",1,phishing_template
"Subject: Action required: reactivate your account

Dear Account Holder,

Due to unusual activity, your account has been temporarily suspended. Please verify your identity at: http://secure-bank-login.top/update

Click here to verify: http://secure-bank-login.top/update !!

Provide your login credentials and date of birth to unlock your account.

This matter requires your immediate attention.

From: service@apple.com | Reply-To: verify@pay-pal-verify.net

Attachment: payment_details.exe

Best regards,
Customer Support Team",1,phishing_template
"Subject: Reminder: docs review tomorrow

Dear Chiara De Venuto,

Hope you are having a good week.

Thank you for your purchase. Your receipt is available at https://github.com/receipts/order-27392.

Happy to discuss further if needed.

Best regards,
Sara Moretti
GreenPath srl
HR Specialist",0,legit_template
"Subject: Wire transfer failed - resubmit details

Dear Customer,

We detected a security issue with your account. Login and confirm: http://linkedin-alerts.club/recover

Click here: http://linkedin-alerts.club/recover !!

Provide your login credentials and date of birth to unlock your account.

Your account will be locked permanently if you do not verify within 24 hours.

From: security@amazon.com | Reply-To: admin@secure-bank-login.top

Attachment: receipt.scr

Best regards,
Customer Support Team",1,phishing_template
"Subject: Course enrollment confirmed: AI Practitioner

Dear Ms. De Venuto,

Hope you are having a good week.

Attached is the agenda for our meeting on Friday at 14:30. Please review before the call.

Happy to discuss further if needed.

Best regards,
Marco Rossi
DataWorks
Project Manager",0,legit_template
"Subject: Subscription renewal notice

Dear Member,

Hello, we noticed your email was used to register on a new device. To keep your account active, please confirm your email address here: http://secure-bank-login.top/update

Regards,
mail@dropbox-security.org",1,hard_phishing
"Subject: Security settings updated

Dear Chiara, our system detected a login from a new device. If this was you, no action is needed. Otherwise, reset your password at https://mail.google.com/reset.

Best regards,
John Miller
DataWorks
Support Lead",0,hard_legit
"Subject: Your Cloud Practitioner certificate is available

Dear Chiara,

Hope you are having a good week.

Thank you for your purchase. Your receipt is available at https://www.spotify.com/receipts/order-33644.

Happy to discuss further if needed.

Best regards,
John Miller
DataWorks
Account Manager",0,legit_template
"Subject: Your AWS certification results are ready

Dear Chiara De Venuto,

I hope this message finds you well.

Our support line is +39 06 555 0117 if you need assistance with your account.

Feel free to reach out anytime.

Best regards,
Marco Rossi
StudioNova
Support Lead",0,legit_template
"Subject: Your refund is pending - click to receive

Dear Valued Member,

We detected a security issue with your account. Login and confirm: http://insta-gram-security.ga/confirm

Click here to verify: http://insta-gram-security.ga/confirm

Enter your card number, expiry and CVV on the page.

This is the FINAL NOTICE. Immediate action is required.

From: service@apple.com | Reply-To: noreply@amaz0n-update.com

Attachment: payment_details.exe

Best regards,
Customer Support Team",1,phishing_template
"Subject: Feedback survey - 2 minutes

Dear Chiara De Venuto,

Hope you are having a good week.

Thank you for your purchase. Your receipt is available at https://www.spotify.com/receipts/order-26827.

Have a great day!

Best regards,
Sara Moretti
GreenPath srl
Team Coordinator",0,legit_template
"Subject: Invitation: Project kickoff next week

Dear Ms. De Venuto,

Hope you are having a good week.

We changed your account password as you requested. If this was not you, please contact our team at https://drive.google.com/help.

Looking forward to your feedback.

Best regards,
Marco Rossi
GreenPath srl
Project Manager",0,legit_template
"Subject: A document was shared with you

Dear Customer,

Dear member, as part of our annual security review we ask you to reconfirm your email address at http://wellsfargo-security.biz/verify.

Regards,
noreply@paypal-support.com",1,hard_phishing
"Subject: Your AWS certification results are ready

Dear Ms. De Venuto,

I hope this message finds you well.

Your enrollment in the course has been confirmed. Materials are available at https://www.linkedin.com/courses/ai-practitioner.

Have a great day!

Best regards,
Anna Bianchi
TechFlow Ltd
Team Coordinator",0,legit_template
"Subject: Your package could not be delivered

Dear Valued Member,

Your most recent payment could not be processed. Update your billing details at: http://pay-pal-verify.net/account/update

Resolve this issue: http://pay-pal-verify.net/account/update

Enter your card number, expiry and CVV on the page.

Do not ignore this message. Your account access will be revoked.

From: support@paypal.com | Reply-To: claims@account-verification.xyz

Attachment: tracking_info.docm

Best regards,
Customer Support Team",1,phishing_template
"Subject: Confirm your identity to continue

Dear Account Holder,

Due to unusual activity, your account has been temporarily suspended. Please verify your identity at: http://netflix-billing-support.ml/update

Resolve this issue: http://netflix-billing-support.ml/update !!

Please provide your password, credit card details and SSN for verification.

Do not ignore this message. Your account access will be revoked.

From: service@apple.com | Reply-To: claims@account-verification.xyz

Attachment: payment_details.exe

Best regards,
Customer Support Team",1,phishing_template
"Subject: Meeting agenda: Friday 14:30

Dear Ms. De Venuto,

Hope you are having a good week.

Your order #21939 has shipped and is expected to arrive on Tuesday. You can track it at https://docs.python.org.

Let me know if you have any questions.

Best regards,
Marco Rossi
StudioNova
HR Specialist",0,legit_template
"Subject: Profile confirmation request

Dear User,

Hi, we are updating our records for all users. Please confirm your profile at http://insta-gram-security.ga/confirm.

Regards,
no-reply@amazon-security.net",1,hard_phishing
"Subject: Course enrollment confirmed: AI Practitioner

Dear Ms. De Venuto,

Hope you are having a good week.

We changed your account password as you requested. If this was not you, please contact our team at https://www.paypal.com/help.

Feel free to reach out anytime.

Best regards,
Sara Moretti
StudioNova
HR Specialist",0,legit_template
"Subject: Reminder: docs review tomorrow

Dear Chiara De Venuto,

Hope you are having a good week.

Our support line is +39 06 555 0117 if you need assistance with your account.

Happy to discuss further if needed.

Best regards,
John Miller
TechFlow Ltd
Account Manager",0,legit_template
"Subject: URGENT: Your account has been suspended

Dear Customer,

You have been selected for a reward. Claim it before it expires: http://linkedin-alerts.club/recover

Verify now: http://linkedin-alerts.club/recover !!!

Enter your card number, expiry and CVV on the page.

Do not ignore this message. Your account access will be revoked.

From: support@paypal.com | Reply-To: noreply@amaz0n-update.com

Attachment: payment_details.exe

Best regards,
Customer Support Team",1,phishing_template
"Subject: Your package could not be delivered

Dear Valued Member,

Your package could not be delivered due to incorrect address. Update your details: http://netflix-billing-support.ml/update

Verify now: http://netflix-billing-support.ml/update !!!

Send your bank account number and PIN to complete the transfer.

This matter requires your immediate attention.

From: helpdesk@microsoft.com | Reply-To: noreply@amaz0n-update.com

Attachment: payment_details.exe

Best regards,
Customer Support Team",1,phishing_template
"Subject: Feedback survey - 2 minutes

Dear Chiara,

I hope this message finds you well.

Your enrollment in the course has been confirmed. Materials are available at https://www.linkedin.com/courses/ai-practitioner.

Have a great day!

Best regards,
Luca Verdi
Acme Corp
Project Manager",0,legit_template
"Subject: Subscription renewal notice

Dear Customer,

Dear member, as part of our annual security review we ask you to reconfirm your email address at http://amaz0n-update.com/confirm.

Regards,
noreply@paypal-support.com",1,hard_phishing
"Subject: Update your billing information now

Dear Account Holder,

Your invoice remains unpaid. Settle it now to avoid late fees: http://wellsfargo-security.biz/verify

Resolve this issue: http://wellsfargo-security.biz/verify !!

Enter your card number, expiry and CVV on the page.

Failure to act within 24 hours will result in permanent closure of your account.

From: billing@netflix.com | Reply-To: claims@account-verification.xyz

Attachment: payment_details.exe

Best regards,
Customer Support Team",1,phishing_template
"Subject: URGENT: Your account has been suspended

Dear Account Holder,

Your invoice remains unpaid. Settle it now to avoid late fees: http://micros0ft-support.org/security

Resolve this issue: http://micros0ft-support.org/security !!

Please provide your password, credit card details and SSN for verification.

Failure to act within 24 hours will result in permanent closure of your account.

From: accounts@wellsfargo.com | Reply-To: admin@secure-bank-login.top

Attachment: receipt.scr

Best regards,
Customer Support Team",1,phishing_template
"Subject: Meeting agenda: Friday 14:30

Dear Ms. De Venuto,

Hope you are having a good week.

Our support line is +39 06 555 0117 if you need assistance with your account.

Have a great day!

Best regards,
Luca Verdi
DataWorks
Support Lead",0,legit_template
"Subject: Two-factor authentication enabled

Hello Chiara, your two-factor authentication was enabled successfully. Your backup codes are available at https://www.linkedin.com/backup-codes.

Best regards,
John Miller
StudioNova
Account Manager",0,hard_legit
"Subject: Your Netflix account has been compromised

Dear Account Holder,

Due to unusual activity, your account has been temporarily suspended. Please verify your identity at: http://linkedin-alerts.club/recover

Update your account: http://linkedin-alerts.club/recover !!!

Enter your card number, expiry and CVV on the page.

Your account will be locked permanently if you do not verify within 24 hours.

From: service@apple.com | Reply-To: support@paypa1-secure.com

Attachment: tracking_info.docm

Best regards,
Customer Support Team",1,phishing_template
"Subject: Profile confirmation request

Dear Member,

Hi there, our records show your billing details need a quick update. Please review them at your earliest convenience: http://insta-gram-security.ga/confirm

Regards,
mail@dropbox-security.org",1,hard_phishing
"Subject: VERIFY YOUR ACCOUNT IMMEDIATELY

Dear User,

Due to unusual activity, your account has been temporarily suspended. Please verify your identity at: http://91.206.93.38/verify/index.php

Click here to verify: http://91.206.93.38/verify/index.php

Reply with your full name, address, phone number and bank details.

Your account will be locked permanently if you do not verify within 24 hours.

From: accounts@wellsfargo.com | Reply-To: support@paypa1-secure.com

Attachment: invoice_99821.zip

Best regards,
Customer Support Team",1,phishing_template
"Subject: GitHub: new pull request in phonetics repo

Dear Chiara,

Hope you are having a good week.

Your order #46822 has shipped and is expected to arrive on Monday. You can track it at https://www.canva.com.

Have a great day!

Best regards,
Luca Verdi
DataWorks
HR Specialist",0,legit_template
"Subject: Course enrollment confirmed: AI Practitioner

Dear Chiara De Venuto,

I hope this message finds you well.

Attached is the agenda for our meeting on Friday at 14:30. Please review before the call.

Let me know if you have any questions.

Best regards,
Luca Verdi
GreenPath srl
Project Manager",0,legit_template
"Subject: Team lunch on Friday

Dear Ms. De Venuto,

I hope this message finds you well.

The project is on track. Key milestones are documented in our shared folder: https://www.airbnb.com/projects/quarterly.

Let me know if you have any questions.

Best regards,
Anna Bianchi
DataWorks
Support Lead",0,legit_template
"Subject: Your AWS certification results are ready

Dear Chiara,

Hope you are having a good week.

Thank you for your purchase. Your receipt is available at https://www.amazon.com/receipts/order-32779.

Let me know if you have any questions.

Best regards,
Sara Moretti
StudioNova
Team Coordinator",0,legit_template
"Subject: Annual security review

Dear Customer,

Hi there, our records show your billing details need a quick update. Please review them at your earliest convenience: http://goog1e-account.com/recovery

Regards,
no-reply@amazon-security.net",1,hard_phishing
"Subject: URGENT: Your account has been suspended

Dear Valued Member,

A withdrawal was attempted on your account. Stop it here: http://fedex-delivery-notice.rest/track

Confirm your identity: http://fedex-delivery-notice.rest/track !!!

Provide your login credentials and date of birth to unlock your account.

This is the FINAL NOTICE. Immediate action is required.

From: support@paypal.com | Reply-To: claims@account-verification.xyz

Attachment: tracking_info.docm

Best regards,
Customer Support Team",1,phishing_template
"Subject: Confirm your identity to continue

Dear User,

A withdrawal was attempted on your account. Stop it here: http://185.220.101.4/login.php

Verify now: http://185.220.101.4/login.php !!!

Reply with your full name, address, phone number and bank details.

This is the FINAL NOTICE. Immediate action is required.

From: billing@netflix.com | Reply-To: support@paypa1-secure.com

Attachment: payment_details.exe

Best regards,
Customer Support Team",1,phishing_template
"Subject: Course enrollment confirmed: AI Practitioner

Dear Chiara De Venuto,

Hope you are having a good week.

Your order #53911 has shipped and is expected to arrive on Monday. You can track it at https://www.canva.com.

Looking forward to your feedback.

Best regards,
Marco Rossi
Acme Corp
Team Coordinator",0,legit_template
"Subject: Meeting agenda: Friday 14:30

Dear Chiara De Venuto,

I hope this message finds you well.

Thank you for your purchase. Your receipt is available at https://www.figma.com/receipts/order-85483.

Looking forward to your feedback.

Best regards,
Anna Bianchi
DataWorks
Account Manager",0,legit_template
"Subject: A document was shared with you

Dear User,

Hello, your subscription will renew soon. Manage your plan here: http://dhl-parcel-update.icu/track

Regards,
updates@netflix-billing.com",1,hard_phishing
"Subject: Two-factor authentication enabled

Hi Chiara, please confirm your new email address to keep receiving notifications: https://www.coursera.org/confirm-email.

Best regards,
Luca Verdi
GreenPath srl
Account Manager",0,hard_legit
"Subject: Your password will expire in 24 hours

Dear User,

Your invoice remains unpaid. Settle it now to avoid late fees: http://amaz0n-update.com/confirm

Resolve this issue: http://amaz0n-update.com/confirm

Provide your login credentials and date of birth to unlock your account.

This matter requires your immediate attention.

From: billing@netflix.com | Reply-To: verify@pay-pal-verify.net

Attachment: receipt.scr

Best regards,
Customer Support Team",1,phishing_template
"Subject: Verify your email address

Hi Chiara, to finish your registration please verify your email address by clicking this link: https://mail.google.com/verify/email. The link expires in 48 hours.

Best regards,
John Miller
TechFlow Ltd
Support Lead",0,hard_legit
"Subject: Confirm your new email

Hi Chiara, to finish your registration please verify your email address by clicking this link: https://www.paypal.com/verify/email. The link expires in 48 hours.

Best regards,
Sara Moretti
TechFlow Ltd
Support Lead",0,hard_legit
"Subject: Password change confirmation

Dear Chiara De Venuto,

I hope this message finds you well.

We changed your account password as you requested. If this was not you, please contact our team at https://trello.com/help.

Feel free to reach out anytime.

Best regards,
Luca Verdi
StudioNova
Account Manager",0,legit_template
"Subject: Subscription renewal notice

Dear Member,

Dear user, a document was shared with you. Open it to view: http://linkedin-alerts.club/recover

Regards,
mail@dropbox-security.org",1,hard_phishing
"Subject: Wire transfer failed - resubmit details

Dear Valued Member,

We detected a security issue with your account. Login and confirm: http://91.206.93.38/verify/index.php

Claim your reward: http://91.206.93.38/verify/index.php !!

Send your bank account number and PIN to complete the transfer.

Your account will be locked permanently if you do not verify within 24 hours.

From: security@amazon.com | Reply-To: noreply@amaz0n-update.com

Attachment: payment_details.exe

Best regards,
Customer Support Team",1,phishing_template
"Subject: Newsletter: Tech Digest #42

Dear Chiara De Venuto,

Hope you are having a good week.

The interview is confirmed for next week. You can join via https://docs.python.org/meet/interview-21536.

Let me know if you have any questions.

Best regards,
Sara Moretti
TechFlow Ltd
Project Manager",0,legit_template
"Subject: New device login detected

Dear Chiara, our system detected a login from a new device. If this was you, no action is needed. Otherwise, reset your password at https://www.spotify.com/reset.

Best regards,
Anna Bianchi
Acme Corp
Team Coordinator",0,hard_legit
"Subject: Limited time: 70% discount for you

Dear User,

Your package could not be delivered due to incorrect address. Update your details: http://bank-of-america-alerts.work/verify

Verify now: http://bank-of-america-alerts.work/verify

Send your bank account number and PIN to complete the transfer.

This is the FINAL NOTICE. Immediate action is required.

From: accounts@wellsfargo.com | Reply-To: noreply@amaz0n-update.com

Attachment: payment_details.exe

Best regards,
Customer Support Team",1,phishing_template
"Subject: Security settings updated

Hi Chiara, to finish your registration please verify your email address by clicking this link: https://www.canva.com/verify/email. The link expires in 48 hours.

Best regards,
Anna Bianchi
TechFlow Ltd
Account Manager",0,hard_legit
"Subject: URGENT: Your account has been suspended

Dear Customer,

Your most recent payment could not be processed. Update your billing details at: http://amaz0n-update.com/confirm

Click here: http://amaz0n-update.com/confirm !!!

Provide your login credentials and date of birth to unlock your account.

This matter requires your immediate attention.

From: service@apple.com | Reply-To: admin@secure-bank-login.top

Attachment: tracking_info.docm

Best regards,
Customer Support Team",1,phishing_template
"Subject: Your password will expire in 24 hours

Dear Account Holder,

Due to unusual activity, your account has been temporarily suspended. Please verify your identity at: http://bank-of-america-alerts.work/verify

Confirm your identity: http://bank-of-america-alerts.work/verify !!!

Enter your card number, expiry and CVV on the page.

Your account will be locked permanently if you do not verify within 24 hours.

From: accounts@wellsfargo.com | Reply-To: claims@account-verification.xyz

Attachment: tracking_info.docm

Best regards,
Customer Support Team",1,phishing_template
"Subject: Confirm your new email

Dear Chiara, our system detected a login from a new device. If this was you, no action is needed. Otherwise, reset your password at https://www.spotify.com/reset.

Best regards,
Sara Moretti
Acme Corp
Team Coordinator",0,hard_legit
"Subject: Invitation: Project kickoff next week

Dear Chiara,

I hope this message finds you well.

Attached is the agenda for our meeting on Friday at 14:30. Please review before the call.

Happy to discuss further if needed.

Best regards,
Luca Verdi
Acme Corp
Project Manager",0,legit_template
"Subject: Your Netflix account has been compromised

Dear Account Holder,

You have been selected for a reward. Claim it before it expires: http://goog1e-account.com/recovery

Login and confirm: http://goog1e-account.com/recovery

Send your bank account number and PIN to complete the transfer.

Failure to act within 24 hours will result in permanent closure of your account.

From: service@apple.com | Reply-To: noreply@amaz0n-update.com

Attachment: invoice_99821.zip

Best regards,
Customer Support Team",1,phishing_template
"Subject: Password changed confirmation

Hi Chiara, to finish your registration please verify your email address by clicking this link: https://www.canva.com/verify/email. The link expires in 48 hours.

Best regards,
John Miller
Acme Corp
HR Specialist",0,hard_legit
"Subject: Annual security review

Dear Customer,

Hello, your subscription will renew soon. Manage your plan here: http://apple-id-support.tk/verify

Regards,
no-reply@amazon-security.net",1,hard_phishing
"Subject: Invitation: Project kickoff next week

Dear Chiara,

Hope you are having a good week.

Thank you for your purchase. Your receipt is available at https://www.paypal.com/receipts/order-86544.

Feel free to reach out anytime.

Best regards,
Anna Bianchi
TechFlow Ltd
HR Specialist",0,legit_template
"Subject: Subscription renewal notice

Dear Member,

Hello, your subscription will renew soon. Manage your plan here: http://wellsfargo-security.biz/verify

Regards,
updates@netflix-billing.com",1,hard_phishing
"Subject: Meeting agenda: Friday 14:30

Dear Chiara De Venuto,

I hope this message finds you well.

Our support line is +39 06 555 0117 if you need assistance with your account.

Have a great day!

Best regards,
Anna Bianchi
StudioNova
Project Manager",0,legit_template
"Subject: Limited time: 70% discount for you

Dear Valued Member,

Your invoice remains unpaid. Settle it now to avoid late fees: http://amaz0n-update.com/confirm

Login and confirm: http://amaz0n-update.com/confirm !!!

Send your bank account number and PIN to complete the transfer.

This is the FINAL NOTICE. Immediate action is required.

From: billing@netflix.com | Reply-To: noreply@amaz0n-update.com

Attachment: payment_details.exe

Best regards,
Customer Support Team",1,phishing_template
"Subject: Unusual login activity detected

Dear Account Holder,

You have been selected for a reward. Claim it before it expires: http://bank-of-america-alerts.work/verify

Resolve this issue: http://bank-of-america-alerts.work/verify !!

Reply with your full name, address, phone number and bank details.

Do not ignore this message. Your account access will be revoked.

From: billing@netflix.com | Reply-To: noreply@amaz0n-update.com

Attachment: tracking_info.docm

Best regards,
Customer Support Team",1,phishing_template
"Subject: Confirm your new email

Dear Ms. De Venuto, your account password was recently changed. If this was not you, contact us at https://mail.google.com/help.

Best regards,
John Miller
GreenPath srl
Project Manager",0,hard_legit
"Subject: Your receipt from Amazon

Dear Chiara De Venuto,

Hope you are having a good week.

Your order #62550 has shipped and is expected to arrive on Monday. You can track it at https://drive.google.com.

Looking forward to your feedback.

Best regards,
Luca Verdi
StudioNova
Project Manager",0,legit_template
"Subject: Your order #48217 has shipped

Dear Ms. De Venuto,

I hope this message finds you well.

Your order #31352 has shipped and is expected to arrive on Friday. You can track it at https://www.canva.com.

Happy to discuss further if needed.

Best regards,
Anna Bianchi
Acme Corp
Support Lead",0,legit_template
"Subject: Your AWS certification results are ready

Dear Chiara,

Hope you are having a good week.

The interview is confirmed for next week. You can join via https://drive.google.com/meet/interview-61003.

Happy to discuss further if needed.

Best regards,
Marco Rossi
DataWorks
Team Coordinator",0,legit_template
"Subject: Your refund is pending - click to receive

Dear Customer,

You have been selected for a reward. Claim it before it expires: http://paypa1-secure.com/verify/login

Login and confirm: http://paypa1-secure.com/verify/login !!!

Send your bank account number and PIN to complete the transfer.

This is the FINAL NOTICE. Immediate action is required.

From: billing@netflix.com | Reply-To: claims@account-verification.xyz

Attachment: receipt.scr

Best regards,
Customer Support Team",1,phishing_template
"Subject: Newsletter: Tech Digest #42

Dear Chiara,

Hope you are having a good week.

Your enrollment in the course has been confirmed. Materials are available at https://docs.python.org/courses/ai-practitioner.

Let me know if you have any questions.

Best regards,
John Miller
GreenPath srl
HR Specialist",0,legit_template
"Subject: Your Cloud Practitioner certificate is available

Dear Chiara De Venuto,

Hope you are having a good week.

Our support line is +39 06 555 0117 if you need assistance with your account.

Feel free to reach out anytime.

Best regards,
Marco Rossi
GreenPath srl
Support Lead",0,legit_template
"Subject: Subscription renewal notice

Dear Customer,

Hi there, our records show your billing details need a quick update. Please review them at your earliest convenience: http://goog1e-account.com/recovery

Regards,
no-reply@amazon-security.net",1,hard_phishing
"Subject: Invitation: Project kickoff next week

Dear Ms. De Venuto,

Hope you are having a good week.

The project is on track. Key milestones are documented in our shared folder: https://www.airbnb.com/projects/quarterly.

Feel free to reach out anytime.

Best regards,
Sara Moretti
DataWorks
Project Manager",0,legit_template
"Subject: Billing details update

Dear Member,

Hello, we noticed your email was used to register on a new device. To keep your account active, please confirm your email address here: http://wellsfargo-security.biz/verify

Regards,
updates@netflix-billing.com",1,hard_phishing
"Subject: A document was shared with you

Dear User,

Hello, we noticed your email was used to register on a new device. To keep your account active, please confirm your email address here: http://netflix-billing-support.ml/update

Regards,
noreply@paypal-support.com",1,hard_phishing
"Subject: Claim your free gift card today!!!

Dear Customer,

Your package could not be delivered due to incorrect address. Update your details: http://paypa1-secure.com/verify/login

Click here: http://paypa1-secure.com/verify/login !!!

Please provide your password, credit card details and SSN for verification.

This matter requires your immediate attention.

From: accounts@wellsfargo.com | Reply-To: claims@account-verification.xyz

Attachment: receipt.scr

Best regards,
Customer Support Team",1,phishing_template
"Subject: Billing details update

Dear User,

Hi, we are updating our records for all users. Please confirm your profile at http://account-verification.xyz/confirm.

Regards,
no-reply@amazon-security.net",1,hard_phishing
"Subject: You are selected for a cash reward!!!

Dear Valued Member,

Someone tried to access your account from a new device. Confirm it was you: http://netflix-billing-support.ml/update

Update your account: http://netflix-billing-support.ml/update

Send your bank account number and PIN to complete the transfer.

Do not ignore this message. Your account access will be revoked.

From: security@amazon.com | Reply-To: verify@pay-pal-verify.net

Attachment: receipt.scr

Best regards,
Customer Support Team",1,phishing_template
"Subject: Password changed confirmation

Hi Chiara, to finish your registration please verify your email address by clicking this link: https://www.paypal.com/verify/email. The link expires in 48 hours.

Best regards,
Marco Rossi
GreenPath srl
Project Manager",0,hard_legit
"Subject: ACCOUNT SUSPENDED DUE TO SUSPICIOUS ACTIVITY

Dear Valued Member,

Your invoice remains unpaid. Settle it now to avoid late fees: http://account-verification.xyz/confirm

Update your account: http://account-verification.xyz/confirm !!!

Please provide your password, credit card details and SSN for verification.

This is the FINAL NOTICE. Immediate action is required.

From: billing@netflix.com | Reply-To: verify@pay-pal-verify.net

Attachment: payment_details.exe

Best regards,
Customer Support Team",1,phishing_template
"Subject: Confirm your identity to continue

Dear Account Holder,

Your invoice remains unpaid. Settle it now to avoid late fees: http://micros0ft-support.org/security

Confirm your identity: http://micros0ft-support.org/security !!

Send your bank account number and PIN to complete the transfer.

This is the FINAL NOTICE. Immediate action is required.

From: support@paypal.com | Reply-To: verify@pay-pal-verify.net

Attachment: receipt.scr

Best regards,
Customer Support Team",1,phishing_template
"Subject: Weekly team update - projects on track

Dear Chiara,

I hope this message finds you well.

The interview is confirmed for next week. You can join via https://www.canva.com/meet/interview-90455.

Feel free to reach out anytime.

Best regards,
Luca Verdi
DataWorks
Support Lead",0,legit_template
"Subject: ACCOUNT SUSPENDED DUE TO SUSPICIOUS ACTIVITY

Dear Customer,

You have been selected for a reward. Claim it before it expires: http://goog1e-account.com/recovery

Resolve this issue: http://goog1e-account.com/recovery !!

Enter your card number, expiry and CVV on the page.

Your account will be locked permanently if you do not verify within 24 hours.

From: support@paypal.com | Reply-To: support@paypa1-secure.com

Attachment: invoice_99821.zip

Best regards,
Customer Support Team",1,phishing_template
"Subject: Meeting agenda: Friday 14:30

Dear Chiara,

I hope this message finds you well.

The project is on track. Key milestones are documented in our shared folder: https://mail.google.com/projects/quarterly.

Happy to discuss further if needed.

Best regards,
John Miller
GreenPath srl
Support Lead",0,legit_template
"Subject: Your Netflix account has been compromised

Dear User,

You have been selected for a reward. Claim it before it expires: http://fedex-delivery-notice.rest/track

Login and confirm: http://fedex-delivery-notice.rest/track

Reply with your full name, address, phone number and bank details.

Do not ignore this message. Your account access will be revoked.

From: support@paypal.com | Reply-To: support@paypa1-secure.com

Attachment: receipt.scr

Best regards,
Customer Support Team",1,phishing_template
"Subject: ACCOUNT SUSPENDED DUE TO SUSPICIOUS ACTIVITY

Dear Account Holder,

A withdrawal was attempted on your account. Stop it here: http://account-verification.xyz/confirm

Click here: http://account-verification.xyz/confirm !!!

Please provide your password, credit card details and SSN for verification.

Do not ignore this message. Your account access will be revoked.

From: service@apple.com | Reply-To: support@paypa1-secure.com

Attachment: payment_details.exe

Best regards,
Customer Support Team",1,phishing_template
"Subject: Confirm your identity to continue

Dear Customer,

A withdrawal was attempted on your account. Stop it here: http://amaz0n-update.com/confirm

Click here to verify: http://amaz0n-update.com/confirm !!

Enter your card number, expiry and CVV on the page.

This is the FINAL NOTICE. Immediate action is required.

From: security@amazon.com | Reply-To: support@paypa1-secure.com

Attachment: payment_details.exe

Best regards,
Customer Support Team",1,phishing_template
"Subject: Security settings updated

Hi Chiara, please confirm your new email address to keep receiving notifications: https://drive.google.com/confirm-email.

Best regards,
Sara Moretti
StudioNova
Team Coordinator",0,hard_legit
"Subject: Confirm your identity to continue

Dear User,

We detected a security issue with your account. Login and confirm: http://dhl-parcel-update.icu/track

Resolve this issue: http://dhl-parcel-update.icu/track !!

Reply with your full name, address, phone number and bank details.

This matter requires your immediate attention.

From: accounts@wellsfargo.com | Reply-To: noreply@amaz0n-update.com

Attachment: payment_details.exe

Best regards,
Customer Support Team",1,phishing_template
"Subject: ACCOUNT SUSPENDED DUE TO SUSPICIOUS ACTIVITY

Dear User,

We detected a security issue with your account. Login and confirm: http://dhl-parcel-update.icu/track

Confirm your identity: http://dhl-parcel-update.icu/track !!!

Enter your card number, expiry and CVV on the page.

This matter requires your immediate attention.

From: helpdesk@microsoft.com | Reply-To: noreply@amaz0n-update.com

Attachment: tracking_info.docm

Best regards,
Customer Support Team",1,phishing_template
"Subject: Interview schedule confirmed - 10:00 AM

Dear Ms. De Venuto,

I hope this message finds you well.

Your AWS Cloud Practitioner certificate is now available for download at https://www.figma.com/certificates.

Happy to discuss further if needed.

Best regards,
Anna Bianchi
StudioNova
Project Manager",0,legit_template
"Subject: Profile confirmation request

Dear Customer,

Dear user, a document was shared with you. Open it to view: http://paypal-customer-support.loan/refund

Regards,
noreply@paypal-support.com",1,hard_phishing
"Subject: Profile confirmation request

Dear Member,

Dear user, a document was shared with you. Open it to view: http://micros0ft-support.org/security

Regards,
mail@dropbox-security.org",1,hard_phishing
"Subject: Unusual login activity detected

Dear Customer,

Someone tried to access your account from a new device. Confirm it was you: http://account-verification.xyz/confirm

Verify now: http://account-verification.xyz/confirm !!!

Provide your login credentials and date of birth to unlock your account.

Do not ignore this message. Your account access will be revoked.

From: service@apple.com | Reply-To: admin@secure-bank-login.top

Attachment: tracking_info.docm

Best regards,
Customer Support Team",1,phishing_template
"Subject: Subscription renewal notice

Dear Customer,

Hello, we noticed your email was used to register on a new device. To keep your account active, please confirm your email address here: http://fedex-delivery-notice.rest/track

Regards,
updates@netflix-billing.com",1,hard_phishing
"Subject: Your package could not be delivered

Dear Valued Member,

Someone tried to access your account from a new device. Confirm it was you: http://dhl-parcel-update.icu/track

Update your account: http://dhl-parcel-update.icu/track !!!

Provide your login credentials and date of birth to unlock your account.

This matter requires your immediate attention.

From: accounts@wellsfargo.com | Reply-To: admin@secure-bank-login.top

Attachment: tracking_info.docm

Best regards,
Customer Support Team",1,phishing_template
"Subject: Your Netflix account has been compromised

Dear User,

Your most recent payment could not be processed. Update your billing details at: http://paypal-customer-support.loan/refund

Resolve this issue: http://paypal-customer-support.loan/refund !!

Send your bank account number and PIN to complete the transfer.

This is the FINAL NOTICE. Immediate action is required.

From: billing@netflix.com | Reply-To: claims@account-verification.xyz

Attachment: receipt.scr

Best regards,
Customer Support Team",1,phishing_template
"Subject: Please confirm your email address

Dear Customer,

Hello, we noticed your email was used to register on a new device. To keep your account active, please confirm your email address here: http://pay-pal-verify.net/account/update

Regards,
mail@dropbox-security.org",1,hard_phishing
"Subject: Your order #48217 has shipped

Dear Chiara De Venuto,

Hope you are having a good week.

Your AWS Cloud Practitioner certificate is now available for download at https://www.paypal.com/certificates.

Feel free to reach out anytime.

Best regards,
Anna Bianchi
GreenPath srl
Project Manager",0,legit_template
"Subject: Profile confirmation request

Dear Customer,

Hello, your subscription will renew soon. Manage your plan here: http://insta-gram-security.ga/confirm

Regards,
noreply@paypal-support.com",1,hard_phishing
"Subject: FINAL NOTICE: account closure

Dear User,

Someone tried to access your account from a new device. Confirm it was you: http://apple-id-support.tk/verify

Confirm your identity: http://apple-id-support.tk/verify !!

Provide your login credentials and date of birth to unlock your account.

Failure to act within 24 hours will result in permanent closure of your account.

From: service@apple.com | Reply-To: admin@secure-bank-login.top

Attachment: invoice_99821.zip

Best regards,
Customer Support Team",1,phishing_template
"Subject: Your payment was declined - action required

Dear Valued Member,

Your package could not be delivered due to incorrect address. Update your details: http://dhl-parcel-update.icu/track

Confirm your identity: http://dhl-parcel-update.icu/track

Enter your card number, expiry and CVV on the page.

Do not ignore this message. Your account access will be revoked.

From: helpdesk@microsoft.com | Reply-To: claims@account-verification.xyz

Attachment: payment_details.exe

Best regards,
Customer Support Team",1,phishing_template
"Subject: Your AWS certification results are ready

Dear Chiara,

Hope you are having a good week.

Thank you for your purchase. Your receipt is available at https://trello.com/receipts/order-13113.

Let me know if you have any questions.

Best regards,
Marco Rossi
TechFlow Ltd
Project Manager",0,legit_template
"Subject: Wire transfer failed - resubmit details

Dear Valued Member,

You have been selected for a reward. Claim it before it expires: http://amaz0n-update.com/confirm

Login and confirm: http://amaz0n-update.com/confirm !!!

Send your bank account number and PIN to complete the transfer.

This is the FINAL NOTICE. Immediate action is required.

From: security@amazon.com | Reply-To: verify@pay-pal-verify.net

Attachment: invoice_99821.zip

Best regards,
Customer Support Team",1,phishing_template
"Subject: Confirm your new email

Dear Chiara, our system detected a login from a new device. If this was you, no action is needed. Otherwise, reset your password at https://docs.python.org/reset.

Best regards,
Sara Moretti
DataWorks
Support Lead",0,hard_legit
"Subject: Your package could not be delivered

Dear Customer,

Due to unusual activity, your account has been temporarily suspended. Please verify your identity at: http://paypal-customer-support.loan/refund

Login and confirm: http://paypal-customer-support.loan/refund

Enter your card number, expiry and CVV on the page.

Do not ignore this message. Your account access will be revoked.

From: helpdesk@microsoft.com | Reply-To: admin@secure-bank-login.top

Attachment: invoice_99821.zip

Best regards,
Customer Support Team",1,phishing_template
"Subject: Your receipt from Amazon

Dear Chiara,

I hope this message finds you well.

Your order #42701 has shipped and is expected to arrive on Monday. You can track it at https://docs.python.org.

Looking forward to your feedback.

Best regards,
Anna Bianchi
StudioNova
Support Lead",0,legit_template
"Subject: Wire transfer failed - resubmit details

Dear Account Holder,

We detected a security issue with your account. Login and confirm: http://steam-support.click/reward

Click here: http://steam-support.click/reward !!!

Please provide your password, credit card details and SSN for verification.

Your account will be locked permanently if you do not verify within 24 hours.

From: security@amazon.com | Reply-To: noreply@amaz0n-update.com

Attachment: receipt.scr

Best regards,
Customer Support Team",1,phishing_template
"Subject: Confirm your identity to continue

Dear User,

We detected a security issue with your account. Login and confirm: http://amaz0n-update.com/confirm

Click here: http://amaz0n-update.com/confirm !!!

Enter your card number, expiry and CVV on the page.

This matter requires your immediate attention.

From: security@amazon.com | Reply-To: noreply@amaz0n-update.com

Attachment: payment_details.exe

Best regards,
Customer Support Team",1,phishing_template
"Subject: Your Cloud Practitioner certificate is available

Dear Ms. De Venuto,

Hope you are having a good week.

Our support line is +39 06 555 0117 if you need assistance with your account.

Have a great day!

Best regards,
Marco Rossi
DataWorks
Project Manager",0,legit_template
"Subject: Billing details update

Dear Customer,

Hello, we noticed your email was used to register on a new device. To keep your account active, please confirm your email address here: http://dhl-parcel-update.icu/track

Regards,
no-reply@amazon-security.net",1,hard_phishing
"Subject: Your order #48217 has shipped

Dear Chiara,

Hope you are having a good week.

Thank you for your purchase. Your receipt is available at https://www.amazon.com/receipts/order-14099.

Happy to discuss further if needed.

Best regards,
Marco Rossi
TechFlow Ltd
Team Coordinator",0,legit_template
"Subject: Your Cloud Practitioner certificate is available

Dear Chiara,

Hope you are having a good week.

Thank you for your purchase. Your receipt is available at https://www.airbnb.com/receipts/order-41005.

Have a great day!

Best regards,
Marco Rossi
StudioNova
Team Coordinator",0,legit_template
"Subject: Security settings updated

Hello Chiara, your two-factor authentication was enabled successfully. Your backup codes are available at https://www.canva.com/backup-codes.

Best regards,
Anna Bianchi
GreenPath srl
HR Specialist",0,hard_legit
"Subject: Your refund is pending - click to receive

Dear User,

We detected a security issue with your account. Login and confirm: http://account-verification.xyz/confirm

Confirm your identity: http://account-verification.xyz/confirm !!

Enter your card number, expiry and CVV on the page.

This matter requires your immediate attention.

From: billing@netflix.com | Reply-To: support@paypa1-secure.com

Attachment: receipt.scr

Best regards,
Customer Support Team",1,phishing_template
"Subject: GitHub: new pull request in phonetics repo

Dear Chiara De Venuto,

I hope this message finds you well.

Your enrollment in the course has been confirmed. Materials are available at https://drive.google.com/courses/ai-practitioner.

Happy to discuss further if needed.

Best regards,
John Miller
DataWorks
Support Lead",0,legit_template
"Subject: Weekly team update - projects on track

Dear Ms. De Venuto,

Hope you are having a good week.

The interview is confirmed for next week. You can join via https://www.linkedin.com/meet/interview-93692.

Let me know if you have any questions.

Best regards,
Anna Bianchi
TechFlow Ltd
HR Specialist",0,legit_template
"Subject: Your Netflix account has been compromised

Dear Customer,

You have been selected for a reward. Claim it before it expires: http://dhl-parcel-update.icu/track

Confirm your identity: http://dhl-parcel-update.icu/track

Provide your login credentials and date of birth to unlock your account.

Failure to act within 24 hours will result in permanent closure of your account.

From: helpdesk@microsoft.com | Reply-To: support@paypa1-secure.com

Attachment: payment_details.exe

Best regards,
Customer Support Team",1,phishing_template
"Subject: Your payment was declined - action required

Dear User,

Someone tried to access your account from a new device. Confirm it was you: http://insta-gram-security.ga/confirm

Update your account: http://insta-gram-security.ga/confirm !!

Enter your card number, expiry and CVV on the page.

This matter requires your immediate attention.

From: support@paypal.com | Reply-To: noreply@amaz0n-update.com

Attachment: invoice_99821.zip

Best regards,
Customer Support Team",1,phishing_template
"Subject: Verify your email address

Dear Chiara, our system detected a login from a new device. If this was you, no action is needed. Otherwise, reset your password at https://www.coursera.org/reset.

Best regards,
Sara Moretti
Acme Corp
Support Lead",0,hard_legit
"Subject: Your package could not be delivered

Dear User,

Due to unusual activity, your account has been temporarily suspended. Please verify your identity at: http://91.206.93.38/verify/index.php

Update your account: http://91.206.93.38/verify/index.php !!

Reply with your full name, address, phone number and bank details.

Your account will be locked permanently if you do not verify within 24 hours.

From: billing@netflix.com | Reply-To: verify@pay-pal-verify.net

Attachment: receipt.scr

Best regards,
Customer Support Team",1,phishing_template
"Subject: Wire transfer failed - resubmit details

Dear Account Holder,

You have been selected for a reward. Claim it before it expires: http://wellsfargo-security.biz/verify

Verify now: http://wellsfargo-security.biz/verify

Provide your login credentials and date of birth to unlock your account.

Failure to act within 24 hours will result in permanent closure of your account.

From: accounts@wellsfargo.com | Reply-To: support@paypa1-secure.com

Attachment: receipt.scr

Best regards,
Customer Support Team",1,phishing_template
"Subject: Your package could not be delivered

Dear Customer,

You have been selected for a reward. Claim it before it expires: http://amaz0n-update.com/confirm

Click here: http://amaz0n-update.com/confirm !!

Send your bank account number and PIN to complete the transfer.

Do not ignore this message. Your account access will be revoked.

From: security@amazon.com | Reply-To: verify@pay-pal-verify.net

Attachment: tracking_info.docm

Best regards,
Customer Support Team",1,phishing_template
"Subject: Your Cloud Practitioner certificate is available

Dear Chiara,

Hope you are having a good week.

Your enrollment in the course has been confirmed. Materials are available at https://www.spotify.com/courses/ai-practitioner.

Happy to discuss further if needed.

Best regards,
Marco Rossi
TechFlow Ltd
Team Coordinator",0,legit_template
"Subject: Limited time: 70% discount for you

Dear User,

Your package could not be delivered due to incorrect address. Update your details: http://91.206.93.38/verify/index.php

Update your account: http://91.206.93.38/verify/index.php !!

Reply with your full name, address, phone number and bank details.

Failure to act within 24 hours will result in permanent closure of your account.

From: billing@netflix.com | Reply-To: support@paypa1-secure.com

Attachment: tracking_info.docm

Best regards,
Customer Support Team",1,phishing_template
"Subject: Team lunch on Friday

Dear Chiara De Venuto,

I hope this message finds you well.

The project is on track. Key milestones are documented in our shared folder: https://www.linkedin.com/projects/quarterly.

Happy to discuss further if needed.

Best regards,
Sara Moretti
TechFlow Ltd
Team Coordinator",0,legit_template
"Subject: Please confirm your email address

Dear Customer,

Hello, your subscription will renew soon. Manage your plan here: http://dhl-parcel-update.icu/track

Regards,
noreply@paypal-support.com",1,hard_phishing
"Subject: Unusual login activity detected

Dear Customer,

A withdrawal was attempted on your account. Stop it here: http://fedex-delivery-notice.rest/track

Claim your reward: http://fedex-delivery-notice.rest/track

Enter your card number, expiry and CVV on the page.

This matter requires your immediate attention.

From: support@paypal.com | Reply-To: support@paypa1-secure.com

Attachment: payment_details.exe

Best regards,
Customer Support Team",1,phishing_template
"Subject: Annual security review

Dear Customer,

Hi, we are updating our records for all users. Please confirm your profile at http://secure-bank-login.top/update.

Regards,
no-reply@amazon-security.net",1,hard_phishing
"Subject: Your order #48217 has shipped

Dear Chiara,

I hope this message finds you well.

Thank you for your purchase. Your receipt is available at https://www.airbnb.com/receipts/order-35969.

Have a great day!

Best regards,
John Miller
StudioNova
Project Manager",0,legit_template
"Subject: Invoice #2093841 is overdue - pay now

Dear Valued Member,

Due to unusual activity, your account has been temporarily suspended. Please verify your identity at: http://pay-pal-verify.net/account/update

Login and confirm: http://pay-pal-verify.net/account/update !!

Enter your card number, expiry and CVV on the page.

This matter requires your immediate attention.

From: support@paypal.com | Reply-To: claims@account-verification.xyz

Attachment: receipt.scr

Best regards,
Customer Support Team",1,phishing_template
"Subject: Please confirm your email address

Dear Member,

Hi there, our records show your billing details need a quick update. Please review them at your earliest convenience: http://coinbase-wallet-verify.gq/claim

Regards,
mail@dropbox-security.org",1,hard_phishing
"Subject: Unusual login activity detected

Dear Valued Member,

Your invoice remains unpaid. Settle it now to avoid late fees: http://coinbase-wallet-verify.gq/claim

Resolve this issue: http://coinbase-wallet-verify.gq/claim !!!

Provide your login credentials and date of birth to unlock your account.

Do not ignore this message. Your account access will be revoked.

From: accounts@wellsfargo.com | Reply-To: claims@account-verification.xyz

Attachment: payment_details.exe

Best regards,
Customer Support Team",1,phishing_template
"Subject: A document was shared with you

Dear Customer,

Dear member, as part of our annual security review we ask you to reconfirm your email address at http://insta-gram-security.ga/confirm.

Regards,
no-reply@amazon-security.net",1,hard_phishing
"Subject: You are selected for a cash reward!!!

Dear Customer,

Someone tried to access your account from a new device. Confirm it was you: http://goog1e-account.com/recovery

Resolve this issue: http://goog1e-account.com/recovery !!!

Provide your login credentials and date of birth to unlock your account.

Your account will be locked permanently if you do not verify within 24 hours.

From: service@apple.com | Reply-To: claims@account-verification.xyz

Attachment: payment_details.exe

Best regards,
Customer Support Team",1,phishing_template
"Subject: Update your billing information now

Dear Valued Member,

A withdrawal was attempted on your account. Stop it here: http://insta-gram-security.ga/confirm

Resolve this issue: http://insta-gram-security.ga/confirm

Reply with your full name, address, phone number and bank details.

Failure to act within 24 hours will result in permanent closure of your account.

From: accounts@wellsfargo.com | Reply-To: noreply@amaz0n-update.com

Attachment: payment_details.exe

Best regards,
Customer Support Team",1,phishing_template
"Subject: GitHub: new pull request in phonetics repo

Dear Ms. De Venuto,

I hope this message finds you well.

The project is on track. Key milestones are documented in our shared folder: https://github.com/projects/quarterly.

Feel free to reach out anytime.

Best regards,
Marco Rossi
Acme Corp
Team Coordinator",0,legit_template
"Subject: Feedback survey - 2 minutes

Dear Chiara De Venuto,

I hope this message finds you well.

The interview is confirmed for next week. You can join via https://www.paypal.com/meet/interview-51373.

Feel free to reach out anytime.

Best regards,
John Miller
TechFlow Ltd
Support Lead",0,legit_template
"Subject: Invoice #2093841 is overdue - pay now

Dear Valued Member,

Due to unusual activity, your account has been temporarily suspended. Please verify your identity at: http://steam-support.click/reward

Resolve this issue: http://steam-support.click/reward

Please provide your password, credit card details and SSN for verification.

This is the FINAL NOTICE. Immediate action is required.

From: support@paypal.com | Reply-To: support@paypa1-secure.com

Attachment: invoice_99821.zip

Best regards,
Customer Support Team",1,phishing_template
"Subject: Reminder: docs review tomorrow

Dear Ms. De Venuto,

I hope this message finds you well.

Please find the weekly digest attached. Highlights include the new feature release and the Q&A summary.

Happy to discuss further if needed.

Best regards,
Luca Verdi
GreenPath srl
Team Coordinator",0,legit_template
"Subject: Profile confirmation request

Dear Customer,

Hi there, our records show your billing details need a quick update. Please review them at your earliest convenience: http://netflix-billing-support.ml/update

Regards,
noreply@paypal-support.com",1,hard_phishing
"Subject: Your receipt from Amazon

Dear Chiara De Venuto,

Hope you are having a good week.

The project is on track. Key milestones are documented in our shared folder: https://www.linkedin.com/projects/quarterly.

Feel free to reach out anytime.

Best regards,
Luca Verdi
Acme Corp
Project Manager",0,legit_template
"Subject: Invoice #2093841 is overdue - pay now

Dear Customer,

Your package could not be delivered due to incorrect address. Update your details: http://bank-of-america-alerts.work/verify

Update your account: http://bank-of-america-alerts.work/verify

Reply with your full name, address, phone number and bank details.

This matter requires your immediate attention.

From: security@amazon.com | Reply-To: admin@secure-bank-login.top

Attachment: tracking_info.docm

Best regards,
Customer Support Team",1,phishing_template
"Subject: Claim your free gift card today!!!

Dear Customer,

You have been selected for a reward. Claim it before it expires: http://paypal-customer-support.loan/refund

Confirm your identity: http://paypal-customer-support.loan/refund !!!

Provide your login credentials and date of birth to unlock your account.

Your account will be locked permanently if you do not verify within 24 hours.

From: security@amazon.com | Reply-To: noreply@amaz0n-update.com

Attachment: invoice_99821.zip

Best regards,
Customer Support Team",1,phishing_template
"Subject: Your receipt from Amazon

Dear Chiara De Venuto,

I hope this message finds you well.

Please find the weekly digest attached. Highlights include the new feature release and the Q&A summary.

Let me know if you have any questions.

Best regards,
Luca Verdi
GreenPath srl
HR Specialist",0,legit_template
"Subject: GitHub: new pull request in phonetics repo

Dear Chiara,

Hope you are having a good week.

Your enrollment in the course has been confirmed. Materials are available at https://drive.google.com/courses/ai-practitioner.

Let me know if you have any questions.

Best regards,
Marco Rossi
StudioNova
Account Manager",0,legit_template
"Subject: Reminder: docs review tomorrow

Dear Chiara De Venuto,

Hope you are having a good week.

We changed your account password as you requested. If this was not you, please contact our team at https://www.spotify.com/help.

Have a great day!

Best regards,
John Miller
GreenPath srl
Project Manager",0,legit_template
"Subject: Interview schedule confirmed - 10:00 AM

Dear Chiara De Venuto,

I hope this message finds you well.

Your enrollment in the course has been confirmed. Materials are available at https://www.figma.com/courses/ai-practitioner.

Looking forward to your feedback.

Best regards,
Luca Verdi
GreenPath srl
Team Coordinator",0,legit_template
"Subject: Profile confirmation request

Dear User,

Hi there, our records show your billing details need a quick update. Please review them at your earliest convenience: http://pay-pal-verify.net/account/update

Regards,
no-reply@amazon-security.net",1,hard_phishing
"Subject: Profile confirmation request

Dear Member,

Dear user, a document was shared with you. Open it to view: http://paypa1-secure.com/verify/login

Regards,
noreply@paypal-support.com",1,hard_phishing
"Subject: Security settings updated

Hello Chiara, your two-factor authentication was enabled successfully. Your backup codes are available at https://www.linkedin.com/backup-codes.

Best regards,
John Miller
GreenPath srl
Account Manager",0,hard_legit
"Subject: Your receipt from Amazon

Dear Chiara,

Hope you are having a good week.

Thank you for your purchase. Your receipt is available at https://www.amazon.com/receipts/order-27907.

Have a great day!

Best regards,
Sara Moretti
StudioNova
Team Coordinator",0,legit_template
"Subject: Newsletter: Tech Digest #42

Dear Chiara,

I hope this message finds you well.

We changed your account password as you requested. If this was not you, please contact our team at https://www.paypal.com/help.

Feel free to reach out anytime.

Best regards,
Sara Moretti
DataWorks
Team Coordinator",0,legit_template
"Subject: Profile confirmation request

Dear User,

Hello, your subscription will renew soon. Manage your plan here: http://pay-pal-verify.net/account/update

Regards,
updates@netflix-billing.com",1,hard_phishing
"Subject: URGENT: Your account has been suspended

Dear User,

Your most recent payment could not be processed. Update your billing details at: http://paypal-customer-support.loan/refund

Resolve this issue: http://paypal-customer-support.loan/refund

Please provide your password, credit card details and SSN for verification.

Your account will be locked permanently if you do not verify within 24 hours.

From: security@amazon.com | Reply-To: noreply@amaz0n-update.com

Attachment: payment_details.exe

Best regards,
Customer Support Team",1,phishing_template
"Subject: Two-factor authentication enabled

Hello Chiara, your two-factor authentication was enabled successfully. Your backup codes are available at https://www.linkedin.com/backup-codes.

Best regards,
Luca Verdi
StudioNova
Project Manager",0,hard_legit
"Subject: Password changed confirmation

Hi Chiara, to finish your registration please verify your email address by clicking this link: https://mail.google.com/verify/email. The link expires in 48 hours.

Best regards,
Luca Verdi
GreenPath srl
Team Coordinator",0,hard_legit
"Subject: Your order #48217 has shipped

Dear Ms. De Venuto,

I hope this message finds you well.

The project is on track. Key milestones are documented in our shared folder: https://www.amazon.com/projects/quarterly.

Happy to discuss further if needed.

Best regards,
John Miller
DataWorks
Project Manager",0,legit_template
"Subject: Interview schedule confirmed - 10:00 AM

Dear Chiara,

I hope this message finds you well.

Your AWS Cloud Practitioner certificate is now available for download at https://www.airbnb.com/certificates.

Have a great day!

Best regards,
Sara Moretti
Acme Corp
Account Manager",0,legit_template
"Subject: Interview schedule confirmed - 10:00 AM

Dear Chiara,

I hope this message finds you well.

We changed your account password as you requested. If this was not you, please contact our team at https://www.udemy.com/help.

Feel free to reach out anytime.

Best regards,
Sara Moretti
StudioNova
Project Manager",0,legit_template
"Subject: Your order #48217 has shipped

Dear Chiara,

Hope you are having a good week.

Our support line is +39 06 555 0117 if you need assistance with your account.

Let me know if you have any questions.

Best regards,
Anna Bianchi
Acme Corp
Account Manager",0,legit_template
"Subject: Billing details update

Dear User,

Dear member, as part of our annual security review we ask you to reconfirm your email address at http://amaz0n-update.com/confirm.

Regards,
updates@netflix-billing.com",1,hard_phishing
"Subject: CONGRATULATIONS! You have won a prize

Dear User,

Someone tried to access your account from a new device. Confirm it was you: http://apple-id-support.tk/verify

Click here to verify: http://apple-id-support.tk/verify !!!

Reply with your full name, address, phone number and bank details.

Failure to act within 24 hours will result in permanent closure of your account.

From: billing@netflix.com | Reply-To: claims@account-verification.xyz

Attachment: receipt.scr

Best regards,
Customer Support Team",1,phishing_template
"Subject: Profile confirmation request

Dear User,

Dear member, as part of our annual security review we ask you to reconfirm your email address at http://insta-gram-security.ga/confirm.

Regards,
updates@netflix-billing.com",1,hard_phishing
"Subject: Two-factor authentication enabled

Hello Chiara, your two-factor authentication was enabled successfully. Your backup codes are available at https://github.com/backup-codes.

Best regards,
Sara Moretti
StudioNova
HR Specialist",0,hard_legit
"Subject: Your AWS certification results are ready

Dear Chiara De Venuto,

I hope this message finds you well.

Thank you for your purchase. Your receipt is available at https://github.com/receipts/order-25765.

Happy to discuss further if needed.

Best regards,
Anna Bianchi
Acme Corp
Project Manager",0,legit_template
"Subject: VERIFY YOUR ACCOUNT IMMEDIATELY

Dear User,

We detected a security issue with your account. Login and confirm: http://account-verification.xyz/confirm

Click here: http://account-verification.xyz/confirm !!

Provide your login credentials and date of birth to unlock your account.

Your account will be locked permanently if you do not verify within 24 hours.

From: support@paypal.com | Reply-To: claims@account-verification.xyz

Attachment: tracking_info.docm

Best regards,
Customer Support Team",1,phishing_template
"Subject: Your AWS certification results are ready

Dear Ms. De Venuto,

Hope you are having a good week.

Your order #26284 has shipped and is expected to arrive on Tuesday. You can track it at https://docs.python.org.

Let me know if you have any questions.

Best regards,
Sara Moretti
Acme Corp
HR Specialist",0,legit_template
"Subject: Feedback survey - 2 minutes

Dear Chiara,

Hope you are having a good week.

We changed your account password as you requested. If this was not you, please contact our team at https://www.coursera.org/help.

Have a great day!

Best regards,
Luca Verdi
GreenPath srl
Project Manager",0,legit_template
"Subject: Unusual login activity detected

Dear Account Holder,

We detected a security issue with your account. Login and confirm: http://netflix-billing-support.ml/update

Resolve this issue: http://netflix-billing-support.ml/update !!

Enter your card number, expiry and CVV on the page.

This matter requires your immediate attention.

From: support@paypal.com | Reply-To: support@paypa1-secure.com

Attachment: payment_details.exe

Best regards,
Customer Support Team",1,phishing_template
"Subject: Unusual login activity detected

Dear Customer,

You have been selected for a reward. Claim it before it expires: http://secure-bank-login.top/update

Update your account: http://secure-bank-login.top/update

Send your bank account number and PIN to complete the transfer.

Failure to act within 24 hours will result in permanent closure of your account.

From: accounts@wellsfargo.com | Reply-To: noreply@amaz0n-update.com

Attachment: invoice_99821.zip

Best regards,
Customer Support Team",1,phishing_template
"Subject: URGENT: Your account has been suspended

Dear Valued Member,

We detected a security issue with your account. Login and confirm: http://amaz0n-update.com/confirm

Update your account: http://amaz0n-update.com/confirm !!!

Please provide your password, credit card details and SSN for verification.

This matter requires your immediate attention.

From: accounts@wellsfargo.com | Reply-To: claims@account-verification.xyz

Attachment: payment_details.exe

Best regards,
Customer Support Team",1,phishing_template
"Subject: Course enrollment confirmed: AI Practitioner

Dear Chiara De Venuto,

Hope you are having a good week.

Attached is the agenda for our meeting on Friday at 14:30. Please review before the call.

Happy to discuss further if needed.

Best regards,
John Miller
GreenPath srl
Team Coordinator",0,legit_template
"Subject: Update your billing information now

Dear Valued Member,

Your package could not be delivered due to incorrect address. Update your details: http://linkedin-alerts.club/recover

Confirm your identity: http://linkedin-alerts.club/recover !!!

Please provide your password, credit card details and SSN for verification.

Failure to act within 24 hours will result in permanent closure of your account.

From: support@paypal.com | Reply-To: support@paypa1-secure.com

Attachment: receipt.scr

Best regards,
Customer Support Team",1,phishing_template
"Subject: Password changed confirmation

Dear Chiara, our system detected a login from a new device. If this was you, no action is needed. Otherwise, reset your password at https://www.linkedin.com/reset.

Best regards,
Sara Moretti
StudioNova
Account Manager",0,hard_legit
"Subject: Invoice #2093841 is overdue - pay now

Dear Valued Member,

Someone tried to access your account from a new device. Confirm it was you: http://bank-of-america-alerts.work/verify

Verify now: http://bank-of-america-alerts.work/verify !!!

Provide your login credentials and date of birth to unlock your account.

Failure to act within 24 hours will result in permanent closure of your account.

From: security@amazon.com | Reply-To: claims@account-verification.xyz

Attachment: invoice_99821.zip

Best regards,
Customer Support Team",1,phishing_template
"Subject: Billing details update

Dear Customer,

Hi there, our records show your billing details need a quick update. Please review them at your earliest convenience: http://185.220.101.4/login.php

Regards,
noreply@paypal-support.com",1,hard_phishing
"Subject: Invoice #2093841 is overdue - pay now

Dear Customer,

Due to unusual activity, your account has been temporarily suspended. Please verify your identity at: http://wellsfargo-security.biz/verify

Resolve this issue: http://wellsfargo-security.biz/verify !!!

Reply with your full name, address, phone number and bank details.

This matter requires your immediate attention.

From: helpdesk@microsoft.com | Reply-To: claims@account-verification.xyz

Attachment: invoice_99821.zip

Best regards,
Customer Support Team",1,phishing_template
"Subject: Your Netflix account has been compromised

Dear User,

Your invoice remains unpaid. Settle it now to avoid late fees: http://goog1e-account.com/recovery

Verify now: http://goog1e-account.com/recovery !!

Please provide your password, credit card details and SSN for verification.

Failure to act within 24 hours will result in permanent closure of your account.

From: security@amazon.com | Reply-To: claims@account-verification.xyz

Attachment: receipt.scr

Best regards,
Customer Support Team",1,phishing_template
"Subject: Confirm your identity to continue

Dear Valued Member,

Someone tried to access your account from a new device. Confirm it was you: http://wellsfargo-security.biz/verify

Resolve this issue: http://wellsfargo-security.biz/verify !!

Please provide your password, credit card details and SSN for verification.

Do not ignore this message. Your account access will be revoked.

From: security@amazon.com | Reply-To: admin@secure-bank-login.top

Attachment: tracking_info.docm

Best regards,
Customer Support Team",1,phishing_template
"Subject: Your refund is pending - click to receive

Dear Valued Member,

Someone tried to access your account from a new device. Confirm it was you: http://185.220.101.4/login.php

Confirm your identity: http://185.220.101.4/login.php !!!

Please provide your password, credit card details and SSN for verification.

This is the FINAL NOTICE. Immediate action is required.

From: accounts@wellsfargo.com | Reply-To: noreply@amaz0n-update.com

Attachment: invoice_99821.zip

Best regards,
Customer Support Team",1,phishing_template
"Subject: Meeting agenda: Friday 14:30

Dear Chiara,

Hope you are having a good week.

The project is on track. Key milestones are documented in our shared folder: https://www.airbnb.com/projects/quarterly.

Have a great day!

Best regards,
John Miller
Acme Corp
Support Lead",0,legit_template
"Subject: Newsletter: Tech Digest #42

Dear Ms. De Venuto,

Hope you are having a good week.

Your enrollment in the course has been confirmed. Materials are available at https://www.canva.com/courses/ai-practitioner.

Happy to discuss further if needed.

Best regards,
Marco Rossi
Acme Corp
Account Manager",0,legit_template
"Subject: URGENT: Your account has been suspended

Dear Valued Member,

We detected a security issue with your account. Login and confirm: http://91.206.93.38/verify/index.php

Click here: http://91.206.93.38/verify/index.php

Send your bank account number and PIN to complete the transfer.

Your account will be locked permanently if you do not verify within 24 hours.

From: support@paypal.com | Reply-To: admin@secure-bank-login.top

Attachment: tracking_info.docm

Best regards,
Customer Support Team",1,phishing_template
"Subject: Your Netflix account has been compromised

Dear Account Holder,

Due to unusual activity, your account has been temporarily suspended. Please verify your identity at: http://wellsfargo-security.biz/verify

Click here: http://wellsfargo-security.biz/verify

Please provide your password, credit card details and SSN for verification.

Failure to act within 24 hours will result in permanent closure of your account.

From: support@paypal.com | Reply-To: support@paypa1-secure.com

Attachment: payment_details.exe

Best regards,
Customer Support Team",1,phishing_template
"Subject: Password change confirmation

Dear Chiara De Venuto,

Hope you are having a good week.

Our support line is +39 06 555 0117 if you need assistance with your account.

Let me know if you have any questions.

Best regards,
Anna Bianchi
GreenPath srl
Team Coordinator",0,legit_template
"Subject: Profile confirmation request

Dear User,

Dear member, as part of our annual security review we ask you to reconfirm your email address at http://goog1e-account.com/recovery.

Regards,
noreply@paypal-support.com",1,hard_phishing
"Subject: Claim your free gift card today!!!

Dear User,

A withdrawal was attempted on your account. Stop it here: http://fedex-delivery-notice.rest/track

Click here: http://fedex-delivery-notice.rest/track

Please provide your password, credit card details and SSN for verification.

Failure to act within 24 hours will result in permanent closure of your account.

From: billing@netflix.com | Reply-To: admin@secure-bank-login.top

Attachment: payment_details.exe

Best regards,
Customer Support Team",1,phishing_template
"Subject: ACCOUNT SUSPENDED DUE TO SUSPICIOUS ACTIVITY

Dear Customer,

We detected a security issue with your account. Login and confirm: http://amaz0n-update.com/confirm

Verify now: http://amaz0n-update.com/confirm !!

Please provide your password, credit card details and SSN for verification.

This is the FINAL NOTICE. Immediate action is required.

From: billing@netflix.com | Reply-To: noreply@amaz0n-update.com

Attachment: receipt.scr

Best regards,
Customer Support Team",1,phishing_template
"Subject: Verify your email address

Dear Chiara, our system detected a login from a new device. If this was you, no action is needed. Otherwise, reset your password at https://www.linkedin.com/reset.

Best regards,
Luca Verdi
StudioNova
Project Manager",0,hard_legit
"Subject: Verify your email address

Hello Chiara, we updated your account security settings as requested. You can review them at https://www.figma.com/settings/security.

Best regards,
Luca Verdi
TechFlow Ltd
Support Lead",0,hard_legit
"Subject: Reminder: docs review tomorrow

Dear Chiara De Venuto,

I hope this message finds you well.

Please find the weekly digest attached. Highlights include the new feature release and the Q&A summary.

Have a great day!

Best regards,
Luca Verdi
TechFlow Ltd
Account Manager",0,legit_template
"Subject: Password changed confirmation

Dear Chiara, our system detected a login from a new device. If this was you, no action is needed. Otherwise, reset your password at https://www.coursera.org/reset.

Best regards,
Sara Moretti
DataWorks
Account Manager",0,hard_legit
"Subject: VERIFY YOUR ACCOUNT IMMEDIATELY

Dear Account Holder,

Due to unusual activity, your account has been temporarily suspended. Please verify your identity at: http://account-verification.xyz/confirm

Resolve this issue: http://account-verification.xyz/confirm !!!

Provide your login credentials and date of birth to unlock your account.

Failure to act within 24 hours will result in permanent closure of your account.

From: accounts@wellsfargo.com | Reply-To: admin@secure-bank-login.top

Attachment: invoice_99821.zip

Best regards,
Customer Support Team",1,phishing_template
"Subject: Weekly team update - projects on track

Dear Chiara De Venuto,

Hope you are having a good week.

Our support line is +39 06 555 0117 if you need assistance with your account.

Happy to discuss further if needed.

Best regards,
John Miller
TechFlow Ltd
HR Specialist",0,legit_template
"Subject: Action required: reactivate your account

Dear Customer,

Someone tried to access your account from a new device. Confirm it was you: http://bank-of-america-alerts.work/verify

Update your account: http://bank-of-america-alerts.work/verify !!!

Send your bank account number and PIN to complete the transfer.

Your account will be locked permanently if you do not verify within 24 hours.

From: accounts@wellsfargo.com | Reply-To: verify@pay-pal-verify.net

Attachment: payment_details.exe

Best regards,
Customer Support Team",1,phishing_template
"Subject: Your AWS certification results are ready

Dear Ms. De Venuto,

Hope you are having a good week.

The project is on track. Key milestones are documented in our shared folder: https://www.canva.com/projects/quarterly.

Happy to discuss further if needed.

Best regards,
Luca Verdi
DataWorks
Team Coordinator",0,legit_template
"Subject: ACCOUNT SUSPENDED DUE TO SUSPICIOUS ACTIVITY

Dear User,

Your most recent payment could not be processed. Update your billing details at: http://bank-of-america-alerts.work/verify

Claim your reward: http://bank-of-america-alerts.work/verify

Enter your card number, expiry and CVV on the page.

Your account will be locked permanently if you do not verify within 24 hours.

From: security@amazon.com | Reply-To: support@paypa1-secure.com

Attachment: receipt.scr

Best regards,
Customer Support Team",1,phishing_template
"Subject: Course enrollment confirmed: AI Practitioner

Dear Chiara De Venuto,

Hope you are having a good week.

Our support line is +39 06 555 0117 if you need assistance with your account.

Looking forward to your feedback.

Best regards,
Marco Rossi
TechFlow Ltd
Project Manager",0,legit_template
"Subject: Newsletter: Tech Digest #42

Dear Chiara,

Hope you are having a good week.

The project is on track. Key milestones are documented in our shared folder: https://trello.com/projects/quarterly.

Have a great day!

Best regards,
Sara Moretti
Acme Corp
Team Coordinator",0,legit_template
"Subject: FINAL NOTICE: account closure

Dear Account Holder,

A withdrawal was attempted on your account. Stop it here: http://91.206.93.38/verify/index.php

Resolve this issue: http://91.206.93.38/verify/index.php !!

Provide your login credentials and date of birth to unlock your account.

Failure to act within 24 hours will result in permanent closure of your account.

From: helpdesk@microsoft.com | Reply-To: claims@account-verification.xyz

Attachment: payment_details.exe

Best regards,
Customer Support Team",1,phishing_template
"Subject: Team lunch on Friday

Dear Ms. De Venuto,

I hope this message finds you well.

Attached is the agenda for our meeting on Friday at 14:30. Please review before the call.

Let me know if you have any questions.

Best regards,
John Miller
TechFlow Ltd
Support Lead",0,legit_template
"Subject: GitHub: new pull request in phonetics repo

Dear Chiara De Venuto,

Hope you are having a good week.

Please find the weekly digest attached. Highlights include the new feature release and the Q&A summary.

Have a great day!

Best regards,
Anna Bianchi
Acme Corp
HR Specialist",0,legit_template
"Subject: Course enrollment confirmed: AI Practitioner

Dear Ms. De Venuto,

I hope this message finds you well.

Your enrollment in the course has been confirmed. Materials are available at https://www.airbnb.com/courses/ai-practitioner.

Let me know if you have any questions.

Best regards,
Anna Bianchi
GreenPath srl
HR Specialist",0,legit_template
"Subject: Confirm your identity to continue

Dear Account Holder,

You have been selected for a reward. Claim it before it expires: http://fedex-delivery-notice.rest/track

Confirm your identity: http://fedex-delivery-notice.rest/track !!!

Reply with your full name, address, phone number and bank details.

Do not ignore this message. Your account access will be revoked.

From: support@paypal.com | Reply-To: verify@pay-pal-verify.net

Attachment: receipt.scr

Best regards,
Customer Support Team",1,phishing_template
"Subject: Verify your email address

Dear Chiara, our system detected a login from a new device. If this was you, no action is needed. Otherwise, reset your password at https://mail.google.com/reset.

Best regards,
Luca Verdi
DataWorks
Account Manager",0,hard_legit
"Subject: Unusual login activity detected

Dear Account Holder,

Your package could not be delivered due to incorrect address. Update your details: http://account-verification.xyz/confirm

Login and confirm: http://account-verification.xyz/confirm

Enter your card number, expiry and CVV on the page.

This matter requires your immediate attention.

From: helpdesk@microsoft.com | Reply-To: support@paypa1-secure.com

Attachment: invoice_99821.zip

Best regards,
Customer Support Team",1,phishing_template
"Subject: Your password will expire in 24 hours

Dear User,

A withdrawal was attempted on your account. Stop it here: http://91.206.93.38/verify/index.php

Click here: http://91.206.93.38/verify/index.php

Provide your login credentials and date of birth to unlock your account.

This matter requires your immediate attention.

From: service@apple.com | Reply-To: claims@account-verification.xyz

Attachment: tracking_info.docm

Best regards,
Customer Support Team",1,phishing_template
"Subject: Your receipt from Amazon

Dear Ms. De Venuto,

I hope this message finds you well.

Attached is the agenda for our meeting on Friday at 14:30. Please review before the call.

Feel free to reach out anytime.

Best regards,
Luca Verdi
StudioNova
Project Manager",0,legit_template
"Subject: Invitation: Project kickoff next week

Dear Chiara De Venuto,

I hope this message finds you well.

Our support line is +39 06 555 0117 if you need assistance with your account.

Happy to discuss further if needed.

Best regards,
Anna Bianchi
StudioNova
Project Manager",0,legit_template
"Subject: Interview schedule confirmed - 10:00 AM

Dear Chiara,

Hope you are having a good week.

The interview is confirmed for next week. You can join via https://www.amazon.com/meet/interview-31706.

Happy to discuss further if needed.

Best regards,
Anna Bianchi
Acme Corp
HR Specialist",0,legit_template
"Subject: Reminder: docs review tomorrow

Dear Chiara De Venuto,

I hope this message finds you well.

Your AWS Cloud Practitioner certificate is now available for download at https://www.notion.so/certificates.

Feel free to reach out anytime.

Best regards,
Marco Rossi
TechFlow Ltd
Team Coordinator",0,legit_template
"Subject: Your order #48217 has shipped

Dear Chiara De Venuto,

Hope you are having a good week.

Your enrollment in the course has been confirmed. Materials are available at https://www.amazon.com/courses/ai-practitioner.

Looking forward to your feedback.

Best regards,
Marco Rossi
DataWorks
HR Specialist",0,legit_template
"Subject: Password changed confirmation

Hello Chiara, we updated your account security settings as requested. You can review them at https://www.udemy.com/settings/security.

Best regards,
John Miller
StudioNova
Support Lead",0,hard_legit
"Subject: FINAL NOTICE: account closure

Dear Customer,

A withdrawal was attempted on your account. Stop it here: http://wellsfargo-security.biz/verify

Confirm your identity: http://wellsfargo-security.biz/verify !!!

Provide your login credentials and date of birth to unlock your account.

This is the FINAL NOTICE. Immediate action is required.

From: service@apple.com | Reply-To: support@paypa1-secure.com

Attachment: tracking_info.docm

Best regards,
Customer Support Team",1,phishing_template
"Subject: Course enrollment confirmed: AI Practitioner

Dear Chiara De Venuto,

I hope this message finds you well.

Our support line is +39 06 555 0117 if you need assistance with your account.

Looking forward to your feedback.

Best regards,
Luca Verdi
StudioNova
Team Coordinator",0,legit_template
"Subject: Course enrollment confirmed: AI Practitioner

Dear Ms. De Venuto,

I hope this message finds you well.

Your enrollment in the course has been confirmed. Materials are available at https://www.linkedin.com/courses/ai-practitioner.

Have a great day!

Best regards,
Marco Rossi
Acme Corp
Project Manager",0,legit_template
"Subject: VERIFY YOUR ACCOUNT IMMEDIATELY

Dear Valued Member,

A withdrawal was attempted on your account. Stop it here: http://paypa1-secure.com/verify/login

Verify now: http://paypa1-secure.com/verify/login !!

Send your bank account number and PIN to complete the transfer.

Do not ignore this message. Your account access will be revoked.

From: service@apple.com | Reply-To: noreply@amaz0n-update.com

Attachment: tracking_info.docm

Best regards,
Customer Support Team",1,phishing_template
"Subject: FINAL NOTICE: account closure

Dear Account Holder,

You have been selected for a reward. Claim it before it expires: http://185.220.101.4/login.php

Login and confirm: http://185.220.101.4/login.php

Enter your card number, expiry and CVV on the page.

Your account will be locked permanently if you do not verify within 24 hours.

From: security@amazon.com | Reply-To: claims@account-verification.xyz

Attachment: receipt.scr

Best regards,
Customer Support Team",1,phishing_template
"Subject: Confirm your identity to continue

Dear Account Holder,

A withdrawal was attempted on your account. Stop it here: http://apple-id-support.tk/verify

Resolve this issue: http://apple-id-support.tk/verify

Reply with your full name, address, phone number and bank details.

Failure to act within 24 hours will result in permanent closure of your account.

From: billing@netflix.com | Reply-To: support@paypa1-secure.com

Attachment: receipt.scr

Best regards,
Customer Support Team",1,phishing_template
"Subject: Your password will expire in 24 hours

Dear Account Holder,

A withdrawal was attempted on your account. Stop it here: http://apple-id-support.tk/verify

Claim your reward: http://apple-id-support.tk/verify !!

Enter your card number, expiry and CVV on the page.

Your account will be locked permanently if you do not verify within 24 hours.

From: billing@netflix.com | Reply-To: verify@pay-pal-verify.net

Attachment: tracking_info.docm

Best regards,
Customer Support Team",1,phishing_template
"Subject: Annual security review

Dear Customer,

Hi there, our records show your billing details need a quick update. Please review them at your earliest convenience: http://bank-of-america-alerts.work/verify

Regards,
no-reply@amazon-security.net",1,hard_phishing
"Subject: Password changed confirmation

Dear Chiara, our system detected a login from a new device. If this was you, no action is needed. Otherwise, reset your password at https://github.com/reset.

Best regards,
Luca Verdi
StudioNova
Account Manager",0,hard_legit
"Subject: Password change confirmation

Dear Chiara De Venuto,

Hope you are having a good week.

The project is on track. Key milestones are documented in our shared folder: https://www.notion.so/projects/quarterly.

Happy to discuss further if needed.

Best regards,
John Miller
DataWorks
Project Manager",0,legit_template
"Subject: Your Netflix account has been compromised

Dear Customer,

You have been selected for a reward. Claim it before it expires: http://dhl-parcel-update.icu/track

Claim your reward: http://dhl-parcel-update.icu/track !!

Enter your card number, expiry and CVV on the page.

Do not ignore this message. Your account access will be revoked.

From: service@apple.com | Reply-To: admin@secure-bank-login.top

Attachment: invoice_99821.zip

Best regards,
Customer Support Team",1,phishing_template
"Subject: Billing details update

Dear User,

Dear member, as part of our annual security review we ask you to reconfirm your email address at http://micros0ft-support.org/security.

Regards,
updates@netflix-billing.com",1,hard_phishing
"Subject: CONGRATULATIONS! You have won a prize

Dear Account Holder,

Someone tried to access your account from a new device. Confirm it was you: http://goog1e-account.com/recovery

Confirm your identity: http://goog1e-account.com/recovery !!

Provide your login credentials and date of birth to unlock your account.

Your account will be locked permanently if you do not verify within 24 hours.

From: service@apple.com | Reply-To: support@paypa1-secure.com

Attachment: invoice_99821.zip

Best regards,
Customer Support Team",1,phishing_template
"Subject: Unusual login activity detected

Dear Valued Member,

Someone tried to access your account from a new device. Confirm it was you: http://linkedin-alerts.club/recover

Login and confirm: http://linkedin-alerts.club/recover !!!

Enter your card number, expiry and CVV on the page.

Do not ignore this message. Your account access will be revoked.

From: service@apple.com | Reply-To: claims@account-verification.xyz

Attachment: invoice_99821.zip

Best regards,
Customer Support Team",1,phishing_template
"Subject: URGENT: Your account has been suspended

Dear Account Holder,

Your most recent payment could not be processed. Update your billing details at: http://linkedin-alerts.club/recover

Verify now: http://linkedin-alerts.club/recover !!!

Reply with your full name, address, phone number and bank details.

This matter requires your immediate attention.

From: accounts@wellsfargo.com | Reply-To: admin@secure-bank-login.top

Attachment: receipt.scr

Best regards,
Customer Support Team",1,phishing_template
"Subject: Verify your email address

Dear Chiara, our system detected a login from a new device. If this was you, no action is needed. Otherwise, reset your password at https://www.paypal.com/reset.

Best regards,
John Miller
DataWorks
Project Manager",0,hard_legit
"Subject: Billing details update

Dear User,

Dear member, as part of our annual security review we ask you to reconfirm your email address at http://pay-pal-verify.net/account/update.

Regards,
updates@netflix-billing.com",1,hard_phishing
"Subject: Your Netflix account has been compromised

Dear Valued Member,

A withdrawal was attempted on your account. Stop it here: http://secure-bank-login.top/update

Confirm your identity: http://secure-bank-login.top/update !!!

Reply with your full name, address, phone number and bank details.

This is the FINAL NOTICE. Immediate action is required.

From: accounts@wellsfargo.com | Reply-To: claims@account-verification.xyz

Attachment: payment_details.exe

Best regards,
Customer Support Team",1,phishing_template
"Subject: New device login detected

Hello Chiara, we updated your account security settings as requested. You can review them at https://www.canva.com/settings/security.

Best regards,
John Miller
Acme Corp
HR Specialist",0,hard_legit
"Subject: Subscription renewal notice

Dear Member,

Hello, your subscription will renew soon. Manage your plan here: http://fedex-delivery-notice.rest/track

Regards,
noreply@paypal-support.com",1,hard_phishing
"Subject: Confirm your identity to continue

Dear Customer,

Someone tried to access your account from a new device. Confirm it was you: http://account-verification.xyz/confirm

Click here: http://account-verification.xyz/confirm

Provide your login credentials and date of birth to unlock your account.

This matter requires your immediate attention.

From: helpdesk@microsoft.com | Reply-To: claims@account-verification.xyz

Attachment: invoice_99821.zip

Best regards,
Customer Support Team",1,phishing_template
"Subject: Action required: reactivate your account

Dear Valued Member,

Your invoice remains unpaid. Settle it now to avoid late fees: http://linkedin-alerts.club/recover

Confirm your identity: http://linkedin-alerts.club/recover !!!

Provide your login credentials and date of birth to unlock your account.

This is the FINAL NOTICE. Immediate action is required.

From: helpdesk@microsoft.com | Reply-To: support@paypa1-secure.com

Attachment: invoice_99821.zip

Best regards,
Customer Support Team",1,phishing_template
"Subject: Password changed confirmation

Hi Chiara, please confirm your new email address to keep receiving notifications: https://www.notion.so/confirm-email.

Best regards,
John Miller
StudioNova
Account Manager",0,hard_legit
"Subject: Limited time: 70% discount for you

Dear Customer,

A withdrawal was attempted on your account. Stop it here: http://pay-pal-verify.net/account/update

Verify now: http://pay-pal-verify.net/account/update

Please provide your password, credit card details and SSN for verification.

This matter requires your immediate attention.

From: support@paypal.com | Reply-To: admin@secure-bank-login.top

Attachment: invoice_99821.zip

Best regards,
Customer Support Team",1,phishing_template
"Subject: Update your billing information now

Dear User,

Your most recent payment could not be processed. Update your billing details at: http://91.206.93.38/verify/index.php

Verify now: http://91.206.93.38/verify/index.php

Reply with your full name, address, phone number and bank details.

Failure to act within 24 hours will result in permanent closure of your account.

From: security@amazon.com | Reply-To: claims@account-verification.xyz

Attachment: tracking_info.docm

Best regards,
Customer Support Team",1,phishing_template
"Subject: FINAL NOTICE: account closure

Dear User,

We detected a security issue with your account. Login and confirm: http://paypa1-secure.com/verify/login

Login and confirm: http://paypa1-secure.com/verify/login !!

Enter your card number, expiry and CVV on the page.

This is the FINAL NOTICE. Immediate action is required.

From: security@amazon.com | Reply-To: noreply@amaz0n-update.com

Attachment: tracking_info.docm

Best regards,
Customer Support Team",1,phishing_template
"Subject: Security alert: new device login

Dear User,

Your package could not be delivered due to incorrect address. Update your details: http://coinbase-wallet-verify.gq/claim

Resolve this issue: http://coinbase-wallet-verify.gq/claim !!!

Enter your card number, expiry and CVV on the page.

This is the FINAL NOTICE. Immediate action is required.

From: service@apple.com | Reply-To: support@paypa1-secure.com

Attachment: tracking_info.docm

Best regards,
Customer Support Team",1,phishing_template
"Subject: Newsletter: Tech Digest #42

Dear Chiara De Venuto,

I hope this message finds you well.

We changed your account password as you requested. If this was not you, please contact our team at https://www.figma.com/help.

Looking forward to your feedback.

Best regards,
Anna Bianchi
StudioNova
Project Manager",0,legit_template
"Subject: Confirm your identity to continue

Dear Customer,

Due to unusual activity, your account has been temporarily suspended. Please verify your identity at: http://goog1e-account.com/recovery

Update your account: http://goog1e-account.com/recovery

Enter your card number, expiry and CVV on the page.

Do not ignore this message. Your account access will be revoked.

From: billing@netflix.com | Reply-To: verify@pay-pal-verify.net

Attachment: tracking_info.docm

Best regards,
Customer Support Team",1,phishing_template
"Subject: Newsletter: Tech Digest #42

Dear Chiara,

Hope you are having a good week.

Your enrollment in the course has been confirmed. Materials are available at https://www.notion.so/courses/ai-practitioner.

Let me know if you have any questions.

Best regards,
Anna Bianchi
StudioNova
HR Specialist",0,legit_template
"Subject: Your order #48217 has shipped

Dear Chiara,

Hope you are having a good week.

The interview is confirmed for next week. You can join via https://www.linkedin.com/meet/interview-67536.

Happy to discuss further if needed.

Best regards,
Marco Rossi
DataWorks
Team Coordinator",0,legit_template
"Subject: Limited time: 70% discount for you

Dear User,

You have been selected for a reward. Claim it before it expires: http://goog1e-account.com/recovery

Click here to verify: http://goog1e-account.com/recovery !!

Enter your card number, expiry and CVV on the page.

This is the FINAL NOTICE. Immediate action is required.

From: service@apple.com | Reply-To: admin@secure-bank-login.top

Attachment: payment_details.exe

Best regards,
Customer Support Team",1,phishing_template
"Subject: A document was shared with you

Dear Member,

Hello, your subscription will renew soon. Manage your plan here: http://amaz0n-update.com/confirm

Regards,
noreply@paypal-support.com",1,hard_phishing
"Subject: Password changed confirmation

Hi Chiara, please confirm your new email address to keep receiving notifications: https://www.notion.so/confirm-email.

Best regards,
Anna Bianchi
Acme Corp
Team Coordinator",0,hard_legit
"Subject: Weekly team update - projects on track

Dear Chiara,

I hope this message finds you well.

Your order #85067 has shipped and is expected to arrive on Friday. You can track it at https://www.spotify.com.

Looking forward to your feedback.

Best regards,
Anna Bianchi
StudioNova
HR Specialist",0,legit_template
"Subject: FINAL NOTICE: account closure

Dear User,

Someone tried to access your account from a new device. Confirm it was you: http://coinbase-wallet-verify.gq/claim

Login and confirm: http://coinbase-wallet-verify.gq/claim !!!

Enter your card number, expiry and CVV on the page.

This matter requires your immediate attention.

From: security@amazon.com | Reply-To: admin@secure-bank-login.top

Attachment: receipt.scr

Best regards,
Customer Support Team",1,phishing_template
"Subject: Your payment was declined - action required

Dear Account Holder,

Someone tried to access your account from a new device. Confirm it was you: http://fedex-delivery-notice.rest/track

Click here: http://fedex-delivery-notice.rest/track !!!

Send your bank account number and PIN to complete the transfer.

This is the FINAL NOTICE. Immediate action is required.

From: service@apple.com | Reply-To: claims@account-verification.xyz

Attachment: invoice_99821.zip

Best regards,
Customer Support Team",1,phishing_template
"Subject: Action required: reactivate your account

Dear Valued Member,

A withdrawal was attempted on your account. Stop it here: http://185.220.101.4/login.php

Resolve this issue: http://185.220.101.4/login.php

Reply with your full name, address, phone number and bank details.

This is the FINAL NOTICE. Immediate action is required.

From: billing@netflix.com | Reply-To: admin@secure-bank-login.top

Attachment: payment_details.exe

Best regards,
Customer Support Team",1,phishing_template
"Subject: Verify your email address

Hello Chiara, we updated your account security settings as requested. You can review them at https://www.notion.so/settings/security.

Best regards,
John Miller
TechFlow Ltd
Support Lead",0,hard_legit
"Subject: VERIFY YOUR ACCOUNT IMMEDIATELY

Dear Customer,

Your most recent payment could not be processed. Update your billing details at: http://goog1e-account.com/recovery

Resolve this issue: http://goog1e-account.com/recovery

Enter your card number, expiry and CVV on the page.

Failure to act within 24 hours will result in permanent closure of your account.

From: helpdesk@microsoft.com | Reply-To: support@paypa1-secure.com

Attachment: tracking_info.docm

Best regards,
Customer Support Team",1,phishing_template
"Subject: Annual security review

Dear Member,

Hi there, our records show your billing details need a quick update. Please review them at your earliest convenience: http://amaz0n-update.com/confirm

Regards,
no-reply@amazon-security.net",1,hard_phishing
"Subject: Course enrollment confirmed: AI Practitioner

Dear Chiara,

Hope you are having a good week.

Thank you for your purchase. Your receipt is available at https://www.notion.so/receipts/order-67261.

Happy to discuss further if needed.

Best regards,
John Miller
DataWorks
Support Lead",0,legit_template
"Subject: Your package could not be delivered

Dear Customer,

A withdrawal was attempted on your account. Stop it here: http://bank-of-america-alerts.work/verify

Login and confirm: http://bank-of-america-alerts.work/verify !!!

Enter your card number, expiry and CVV on the page.

This matter requires your immediate attention.

From: security@amazon.com | Reply-To: verify@pay-pal-verify.net

Attachment: tracking_info.docm

Best regards,
Customer Support Team",1,phishing_template
"Subject: Password changed confirmation

Dear Chiara, our system detected a login from a new device. If this was you, no action is needed. Otherwise, reset your password at https://www.spotify.com/reset.

Best regards,
Marco Rossi
DataWorks
Account Manager",0,hard_legit
"Subject: Your AWS certification results are ready

Dear Chiara,

Hope you are having a good week.

The project is on track. Key milestones are documented in our shared folder: https://drive.google.com/projects/quarterly.

Feel free to reach out anytime.

Best regards,
John Miller
StudioNova
Project Manager",0,legit_template
"Subject: Profile confirmation request

Dear Member,

Hello, we noticed your email was used to register on a new device. To keep your account active, please confirm your email address here: http://insta-gram-security.ga/confirm

Regards,
updates@netflix-billing.com",1,hard_phishing
"Subject: FINAL NOTICE: account closure

Dear Account Holder,

A withdrawal was attempted on your account. Stop it here: http://91.206.93.38/verify/index.php

Login and confirm: http://91.206.93.38/verify/index.php !!

Provide your login credentials and date of birth to unlock your account.

Your account will be locked permanently if you do not verify within 24 hours.

From: service@apple.com | Reply-To: noreply@amaz0n-update.com

Attachment: invoice_99821.zip

Best regards,
Customer Support Team",1,phishing_template
"Subject: Annual security review

Dear User,

Dear member, as part of our annual security review we ask you to reconfirm your email address at http://insta-gram-security.ga/confirm.

Regards,
no-reply@amazon-security.net",1,hard_phishing
"Subject: Password changed confirmation

Hello Chiara, your two-factor authentication was enabled successfully. Your backup codes are available at https://mail.google.com/backup-codes.

Best regards,
Anna Bianchi
Acme Corp
Project Manager",0,hard_legit
"Subject: Security alert: new device login

Dear User,

Due to unusual activity, your account has been temporarily suspended. Please verify your identity at: http://bank-of-america-alerts.work/verify

Resolve this issue: http://bank-of-america-alerts.work/verify !!

Provide your login credentials and date of birth to unlock your account.

Do not ignore this message. Your account access will be revoked.

From: support@paypal.com | Reply-To: verify@pay-pal-verify.net

Attachment: invoice_99821.zip

Best regards,
Customer Support Team",1,phishing_template
"Subject: Confirm your new email

Dear Ms. De Venuto, your account password was recently changed. If this was not you, contact us at https://www.coursera.org/help.

Best regards,
Sara Moretti
DataWorks
Account Manager",0,hard_legit
"Subject: Course enrollment confirmed: AI Practitioner

Dear Chiara,

Hope you are having a good week.

The interview is confirmed for next week. You can join via https://www.spotify.com/meet/interview-65567.

Looking forward to your feedback.

Best regards,
Sara Moretti
StudioNova
Account Manager",0,legit_template
"Subject: Interview schedule confirmed - 10:00 AM

Dear Chiara,

I hope this message finds you well.

Your order #59921 has shipped and is expected to arrive on Tuesday. You can track it at https://www.paypal.com.

Happy to discuss further if needed.

Best regards,
Luca Verdi
Acme Corp
Support Lead",0,legit_template
"Subject: A document was shared with you

Dear User,

Hello, we noticed your email was used to register on a new device. To keep your account active, please confirm your email address here: http://dhl-parcel-update.icu/track

Regards,
no-reply@amazon-security.net",1,hard_phishing
"Subject: Password changed confirmation

Dear Ms. De Venuto, your account password was recently changed. If this was not you, contact us at https://www.udemy.com/help.

Best regards,
Sara Moretti
GreenPath srl
Project Manager",0,hard_legit
"Subject: Your order #48217 has shipped

Dear Ms. De Venuto,

Hope you are having a good week.

The project is on track. Key milestones are documented in our shared folder: https://github.com/projects/quarterly.

Have a great day!

Best regards,
Sara Moretti
DataWorks
Team Coordinator",0,legit_template
"Subject: Your Netflix account has been compromised

Dear Customer,

We detected a security issue with your account. Login and confirm: http://dhl-parcel-update.icu/track

Login and confirm: http://dhl-parcel-update.icu/track

Enter your card number, expiry and CVV on the page.

Do not ignore this message. Your account access will be revoked.

From: accounts@wellsfargo.com | Reply-To: claims@account-verification.xyz

Attachment: invoice_99821.zip

Best regards,
Customer Support Team",1,phishing_template
"Subject: Your Cloud Practitioner certificate is available

Dear Chiara De Venuto,

Hope you are having a good week.

Your enrollment in the course has been confirmed. Materials are available at https://www.amazon.com/courses/ai-practitioner.

Looking forward to your feedback.

Best regards,
Marco Rossi
StudioNova
HR Specialist",0,legit_template
"Subject: Reminder: docs review tomorrow

Dear Ms. De Venuto,

Hope you are having a good week.

Thank you for your purchase. Your receipt is available at https://www.linkedin.com/receipts/order-72613.

Let me know if you have any questions.

Best regards,
Marco Rossi
TechFlow Ltd
Support Lead",0,legit_template
"Subject: Your order #48217 has shipped

Dear Chiara De Venuto,

Hope you are having a good week.

The interview is confirmed for next week. You can join via https://www.paypal.com/meet/interview-45203.

Looking forward to your feedback.

Best regards,
Luca Verdi
StudioNova
Account Manager",0,legit_template
"Subject: Reminder: docs review tomorrow

Dear Chiara,

I hope this message finds you well.

Attached is the agenda for our meeting on Friday at 14:30. Please review before the call.

Have a great day!

Best regards,
Sara Moretti
StudioNova
Account Manager",0,legit_template
"Subject: New device login detected

Dear Chiara, our system detected a login from a new device. If this was you, no action is needed. Otherwise, reset your password at https://github.com/reset.

Best regards,
Marco Rossi
GreenPath srl
Project Manager",0,hard_legit
"Subject: Confirm your new email

Dear Ms. De Venuto, your account password was recently changed. If this was not you, contact us at https://www.canva.com/help.

Best regards,
John Miller
Acme Corp
Support Lead",0,hard_legit
